,profit,fees,balance,position,streak
556155,0.0,0.0,1000.0,0.0,1.0
556156,0.0,0.25,999.75,1,1.0
556157,0.0,0.25,999.5,2,1.0
556158,0.0,0.0,999.5,2,1.0
556159,0.0,0.0,999.5,2,1.0
556160,25.0,0.25,1024.25,1,1.0
556161,0.0,0.25,1024.0,2,1.0
556162,0.0,0.0,1024.0,2,1.0
556163,0.0,0.0,1024.0,2,1.0
556164,0.0,0.0,1024.0,2,1.0
556165,0.0,0.0,1024.0,2,1.0
556166,0.0,0.0,1024.0,2,1.0
556167,0.0,0.0,1024.0,2,1.0
556168,0.0,0.0,1024.0,2,1.0
556169,25.0,0.25,1048.75,1,1.0
556170,0.0,0.0,1048.75,1,1.0
556171,0.0,0.0,1048.75,1,1.0
556172,0.0,0.25,1048.5,2,1.0
556173,0.0,0.0,1048.5,2,1.0
556174,0.0,0.25,1048.25,1,1.0
556175,0.0,0.0,1048.25,1,1.0
556176,0.0,0.0,1048.25,1,1.0
556177,0.0,0.25,1048.0,2,1.0
556178,0.0,0.0,1048.0,2,1.0
556179,0.0,0.0,1048.0,2,1.0
556180,-12.5,0.25,1035.25,1,1.0
556181,0.0,0.25,1035.0,0,1.0
556182,0.0,0.25,1034.75,1,1.0
556183,0.0,0.25,1034.5,2,1.0
556184,0.0,0.25,1034.25,1,1.0
556185,0.0,0.25,1034.0,2,1.0
556186,0.0,0.25,1033.75,0,1.0
556187,0.0,0.25,1033.5,1,1.0
556188,0.0,0.0,1033.5,1,1.0
556189,-12.5,0.25,1020.75,2,1.0
556190,0.0,0.25,1020.5,1,1.0
556191,0.0,0.25,1020.25,2,1.0
556192,0.0,0.0,1020.25,2,1.0
556193,25.0,0.25,1045.0,1,1.0
556194,12.5,0.25,1057.25,2,1.0
556195,0.0,0.0,1057.25,2,1.0
556196,0.0,0.0,1057.25,2,1.0
556197,0.0,0.0,1057.25,2,1.0
556198,0.0,0.0,1057.25,2,1.0
556199,25.0,0.25,1082.0,0,1.0
556200,0.0,0.25,1081.75,2,1.0
556201,0.0,0.0,1081.75,2,1.0
556202,0.0,0.0,1081.75,2,1.0
556203,0.0,0.0,1081.75,2,1.0
556204,-25.0,0.25,1056.5,1,1.0
556205,0.0,0.0,1056.5,1,1.0
556206,0.0,0.0,1056.5,1,1.0
556207,0.0,0.0,1056.5,1,1.0
556208,0.0,0.0,1056.5,1,1.0
556209,0.0,0.0,1056.5,1,1.0
556210,0.0,0.0,1056.5,1,1.0
556211,0.0,0.0,1056.5,1,1.0
556212,0.0,0.0,1056.5,1,1.0
556213,12.5,0.25,1068.75,2,1.0
556214,0.0,0.0,1068.75,2,1.0
556215,0.0,0.0,1068.75,2,1.0
556216,0.0,0.25,1068.5,1,1.0
556217,0.0,0.0,1068.5,1,1.0
556218,-12.5,0.25,1055.75,2,1.0
556219,0.0,0.0,1055.75,2,1.0
556220,0.0,0.0,1055.75,2,1.0
556221,0.0,0.0,1055.75,2,1.0
556222,12.5,0.25,1068.0,1,1.0
556223,-12.5,0.25,1055.25,2,1.0
556224,0.0,0.0,1055.25,2,1.0
556225,0.0,0.0,1055.25,2,1.0
556226,0.0,0.0,1055.25,2,1.0
556227,0.0,0.0,1055.25,2,1.0
556228,0.0,0.0,1055.25,2,1.0
556229,0.0,0.0,1055.25,2,1.0
556230,0.0,0.0,1055.25,2,1.0
556231,12.5,0.25,1067.5,1,1.0
556232,0.0,0.25,1067.25,2,1.0
556233,0.0,0.25,1067.0,1,1.0
556234,0.0,0.0,1067.0,1,1.0
556235,0.0,0.0,1067.0,1,1.0
556236,-12.5,0.25,1054.25,2,1.0
556237,0.0,0.0,1054.25,2,1.0
556238,0.0,0.0,1054.25,2,1.0
556239,-25.0,0.25,1029.0,1,1.0
556240,0.0,0.0,1029.0,1,1.0
556241,0.0,0.0,1029.0,1,1.0
556242,0.0,0.0,1029.0,1,1.0
556243,-12.5,0.25,1016.25,2,1.0
556244,0.0,0.0,1016.25,2,1.0
556245,0.0,0.0,1016.25,2,1.0
556246,0.0,0.0,1016.25,2,1.0
556247,0.0,0.0,1016.25,2,1.0
556248,0.0,0.25,1016.0,1,1.0
556249,0.0,0.0,1016.0,1,1.0
556250,0.0,0.0,1016.0,1,1.0
556251,-12.5,0.25,1003.25,2,1.0
556252,0.0,0.0,1003.25,2,1.0
556253,0.0,0.0,1003.25,2,1.0
556254,0.0,0.0,1003.25,2,1.0
556255,0.0,0.25,1003.0,1,1.0
556256,0.0,0.0,1003.0,1,1.0
556257,0.0,0.25,1002.75,2,1.0
556258,0.0,0.0,1002.75,2,1.0
556259,0.0,0.0,1002.75,2,1.0
556260,12.5,0.25,1015.0,1,1.0
556261,0.0,0.25,1014.75,2,1.0
556262,0.0,0.0,1014.75,2,1.0
556263,0.0,0.0,1014.75,2,1.0
556264,0.0,0.0,1014.75,2,1.0
556265,-12.5,0.25,1002.0,1,1.0
556266,0.0,0.0,1002.0,1,1.0
556267,0.0,0.25,1001.75,0,1.0
556268,0.0,0.25,1001.5,1,1.0
556269,0.0,0.25,1001.25,2,1.0
556270,0.0,0.0,1001.25,2,1.0
556271,0.0,0.0,1001.25,2,1.0
556272,0.0,0.0,1001.25,2,1.0
556273,0.0,0.0,1001.25,2,1.0
556274,0.0,0.0,1001.25,2,1.0
556275,0.0,0.25,1001.0,1,1.0
556276,0.0,0.0,1001.0,1,1.0
556277,0.0,0.0,1001.0,1,1.0
556278,0.0,0.0,1001.0,1,1.0
556279,0.0,0.0,1001.0,1,1.0
556280,0.0,0.0,1001.0,1,1.0
556281,0.0,0.25,1000.75,2,1.0
556282,0.0,0.0,1000.75,2,1.0
556283,0.0,0.0,1000.75,2,1.0
556284,0.0,0.0,1000.75,2,1.0
556285,0.0,0.0,1000.75,2,1.0
556286,0.0,0.0,1000.75,2,1.0
556287,0.0,0.0,1000.75,2,1.0
556288,0.0,0.0,1000.75,2,1.0
556289,12.5,0.25,1013.0,1,1.0
556290,37.5,0.25,1050.25,2,1.0
556291,0.0,0.0,1050.25,2,1.0
556292,0.0,0.0,1050.25,2,1.0
556293,-37.5,0.25,1012.5,1,1.0
556294,0.0,0.0,1012.5,1,1.0
556295,0.0,0.0,1012.5,1,1.0
556296,0.0,0.0,1012.5,1,1.0
556297,-87.5,0.25,924.75,2,1.0
556298,0.0,0.0,924.75,2,1.0
556299,0.0,0.0,924.75,2,1.0
556300,0.0,0.0,924.75,2,1.0
556301,0.0,0.25,924.5,1,1.0
556302,-12.5,0.25,911.75,2,1.0
556303,0.0,0.0,911.75,2,1.0
556304,0.0,0.0,911.75,2,1.0
556305,0.0,0.0,911.75,2,1.0
556306,0.0,0.25,911.5,1,1.0
556307,0.0,0.0,911.5,1,1.0
556308,0.0,0.0,911.5,1,1.0
556309,0.0,0.0,911.5,1,1.0
556310,0.0,0.0,911.5,1,1.0
556311,0.0,0.0,911.5,1,1.0
556312,0.0,0.0,911.5,1,1.0
556313,62.5,0.25,973.75,2,1.0
556314,-25.0,0.25,948.5,1,1.0
556315,0.0,0.0,948.5,1,1.0
556316,0.0,0.0,948.5,1,1.0
556317,0.0,0.0,948.5,1,1.0
556318,0.0,0.0,948.5,1,1.0
556319,0.0,0.0,948.5,1,1.0
556320,-37.5,0.25,910.75,2,1.0
556321,-12.5,0.25,898.0,1,1.0
556322,12.5,0.25,910.25,2,1.0
556323,0.0,0.0,910.25,2,1.0
556324,-12.5,0.25,897.5,1,1.0
556325,0.0,0.0,897.5,1,1.0
556326,0.0,0.0,897.5,1,1.0
556327,0.0,0.0,897.5,1,1.0
556328,0.0,0.0,897.5,1,1.0
556329,12.5,0.25,909.75,2,1.0
556330,-25.0,0.25,884.5,1,1.0
556331,0.0,0.0,884.5,1,1.0
556332,37.5,0.25,921.75,0,1.0
556333,0.0,0.25,921.5,1,1.0
556334,0.0,0.0,921.5,1,1.0
556335,0.0,0.0,921.5,1,1.0
556336,0.0,0.0,921.5,1,1.0
556337,0.0,0.0,921.5,1,1.0
556338,0.0,0.0,921.5,1,1.0
556339,0.0,0.25,921.25,2,1.0
556340,0.0,0.0,921.25,2,1.0
556341,-12.5,0.25,908.5,1,1.0
556342,25.0,0.25,933.25,0,1.0
556343,0.0,0.25,933.0,1,1.0
556344,0.0,0.0,933.0,1,1.0
556345,0.0,0.0,933.0,1,1.0
556346,0.0,0.0,933.0,1,1.0
556347,12.5,0.25,945.25,2,1.0
556348,0.0,0.25,945.0,1,1.0
556349,0.0,0.0,945.0,1,1.0
556350,0.0,0.0,945.0,1,1.0
556351,-25.0,0.25,919.75,2,1.0
556352,0.0,0.0,919.75,2,1.0
556353,0.0,0.0,919.75,2,1.0
556354,12.5,0.25,932.0,1,1.0
556355,0.0,0.0,932.0,1,1.0
556356,12.5,0.25,944.25,2,1.0
556357,0.0,0.0,944.25,2,1.0
556358,0.0,0.25,944.0,1,1.0
556359,0.0,0.0,944.0,1,1.0
556360,12.5,0.25,956.25,2,1.0
556361,37.5,0.25,993.5,1,1.0
556362,12.5,0.25,1005.75,2,1.0
556363,0.0,0.0,1005.75,2,1.0
556364,0.0,0.0,1005.75,2,1.0
556365,-25.0,0.25,980.5,1,1.0
556366,0.0,0.0,980.5,1,1.0
556367,0.0,0.0,980.5,1,1.0
556368,-50.0,0.25,930.25,2,1.0
556369,0.0,0.0,930.25,2,1.0
556370,0.0,0.0,930.25,2,1.0
556371,0.0,0.0,930.25,2,1.0
556372,0.0,0.0,930.25,2,1.0
556373,0.0,0.0,930.25,2,1.0
556374,12.5,0.25,942.5,1,1.0
556375,0.0,0.0,942.5,1,1.0
556376,-12.5,0.25,929.75,2,1.0
556377,0.0,0.0,929.75,2,1.0
556378,0.0,0.0,929.75,2,1.0
556379,-25.0,0.25,904.5,1,1.0
556380,0.0,0.0,904.5,1,1.0
556381,0.0,0.0,904.5,1,1.0
556382,-25.0,0.25,879.25,2,1.0
556383,0.0,0.0,879.25,2,1.0
556384,0.0,0.0,879.25,2,1.0
556385,0.0,0.0,879.25,2,1.0
556386,-25.0,0.25,854.0,0,1.0
556387,0.0,0.25,853.75,1,1.0
556388,0.0,0.0,853.75,1,1.0
556389,0.0,0.25,853.5,2,1.0
556390,-12.5,0.25,840.75,1,1.0
556391,0.0,0.0,840.75,1,1.0
556392,-25.0,0.25,815.5,2,1.0
556393,0.0,0.0,815.5,2,1.0
556394,0.0,0.0,815.5,2,1.0
556395,0.0,0.0,815.5,2,1.0
556396,0.0,0.0,815.5,2,1.0
556397,0.0,0.0,815.5,2,1.0
556398,12.5,0.25,827.75,1,1.0
556399,0.0,0.25,827.5,2,1.0
556400,0.0,0.0,827.5,2,1.0
556401,0.0,0.0,827.5,2,1.0
556402,0.0,0.0,827.5,2,1.0
556403,0.0,0.25,827.25,0,1.0
556404,0.0,0.25,827.0,2,1.0
556405,0.0,0.0,827.0,2,1.0
556406,0.0,0.25,826.75,1,1.0
556407,0.0,0.0,826.75,1,1.0
556408,0.0,0.0,826.75,1,1.0
556409,-12.5,0.25,814.0,2,1.0
556410,0.0,0.0,814.0,2,1.0
556411,-12.5,0.25,801.25,1,1.0
556412,0.0,0.0,801.25,1,1.0
556413,0.0,0.0,801.25,1,1.0
556414,0.0,0.0,801.25,1,1.0
556415,0.0,0.0,801.25,1,1.0
556416,0.0,0.0,801.25,1,1.0
556417,12.5,0.25,813.5,2,1.0
556418,0.0,0.0,813.5,2,1.0
556419,12.5,0.25,825.75,1,1.0
556420,0.0,0.0,825.75,1,1.0
556421,-12.5,0.25,813.0,2,1.0
556422,0.0,0.0,813.0,2,1.0
556423,0.0,0.0,813.0,2,1.0
556424,0.0,0.0,813.0,2,1.0
556425,0.0,0.0,813.0,2,1.0
556426,0.0,0.0,813.0,2,1.0
556427,0.0,0.0,813.0,2,1.0
556428,0.0,0.0,813.0,2,1.0
556429,0.0,0.0,813.0,2,1.0
556430,12.5,0.25,825.25,1,1.0
556431,0.0,0.0,825.25,1,1.0
556432,12.5,0.25,837.5,2,1.0
556433,0.0,0.0,837.5,2,1.0
556434,12.5,0.25,849.75,1,1.0
556435,0.0,0.0,849.75,1,1.0
556436,-12.5,0.25,837.0,2,1.0
556437,0.0,0.0,837.0,2,1.0
556438,0.0,0.0,837.0,2,1.0
556439,0.0,0.0,837.0,2,1.0
556440,0.0,0.25,836.75,0,1.0
556441,0.0,0.25,836.5,1,1.0
556442,0.0,0.0,836.5,1,1.0
556443,12.5,0.25,848.75,2,1.0
556444,0.0,0.0,848.75,2,1.0
556445,0.0,0.25,848.5,1,1.0
556446,-37.5,0.25,810.75,2,1.0
556447,0.0,0.0,810.75,2,1.0
556448,0.0,0.0,810.75,2,1.0
556449,0.0,0.0,810.75,2,1.0
556450,0.0,0.0,810.75,2,1.0
556451,0.0,0.0,810.75,2,1.0
556452,0.0,0.0,810.75,2,1.0
556453,0.0,0.0,810.75,2,1.0
556454,0.0,0.0,810.75,2,1.0
556455,37.5,0.25,848.0,1,1.0
556456,12.5,0.25,860.25,2,1.0
556457,0.0,0.0,860.25,2,1.0
556458,0.0,0.0,860.25,2,1.0
556459,12.5,0.25,872.5,1,1.0
556460,12.5,0.25,884.75,2,1.0
556461,-12.5,0.25,872.0,1,1.0
556462,0.0,0.0,872.0,1,1.0
556463,0.0,0.0,872.0,1,1.0
556464,0.0,0.0,872.0,1,1.0
556465,-12.5,0.25,859.25,2,1.0
556466,0.0,0.25,859.0,1,1.0
556467,0.0,0.0,859.0,1,1.0
556468,12.5,0.25,871.25,2,1.0
556469,0.0,0.25,871.0,1,1.0
556470,0.0,0.0,871.0,1,1.0
556471,0.0,0.0,871.0,1,1.0
556472,0.0,0.0,871.0,1,1.0
556473,0.0,0.0,871.0,1,1.0
556474,0.0,0.0,871.0,1,1.0
556475,0.0,0.0,871.0,1,1.0
556476,0.0,0.0,871.0,1,1.0
556477,0.0,0.0,871.0,1,1.0
556478,12.5,0.25,883.25,2,1.0
556479,0.0,0.0,883.25,2,1.0
556480,-25.0,0.25,858.0,1,1.0
556481,0.0,0.0,858.0,1,1.0
556482,0.0,0.0,858.0,1,1.0
556483,0.0,0.0,858.0,1,1.0
556484,-25.0,0.25,832.75,2,1.0
556485,0.0,0.0,832.75,2,1.0
556486,0.0,0.0,832.75,2,1.0
556487,0.0,0.0,832.75,2,1.0
556488,0.0,0.0,832.75,2,1.0
556489,12.5,0.25,845.0,1,1.0
556490,12.5,0.25,857.25,2,1.0
556491,0.0,0.0,857.25,2,1.0
556492,0.0,0.0,857.25,2,1.0
556493,0.0,0.25,857.0,1,1.0
556494,0.0,0.0,857.0,1,1.0
556495,0.0,0.25,856.75,2,1.0
556496,0.0,0.0,856.75,2,1.0
556497,0.0,0.0,856.75,2,1.0
556498,25.0,0.25,881.5,0,1.0
556499,0.0,0.25,881.25,2,1.0
556500,0.0,0.0,881.25,2,1.0
556501,0.0,0.0,881.25,2,1.0
556502,0.0,0.0,881.25,2,1.0
556503,-12.5,0.25,868.5,1,1.0
556504,0.0,0.0,868.5,1,1.0
556505,0.0,0.0,868.5,1,1.0
556506,0.0,0.0,868.5,1,1.0
556507,0.0,0.0,868.5,1,1.0
556508,-12.5,0.25,855.75,2,1.0
556509,0.0,0.0,855.75,2,1.0
556510,0.0,0.0,855.75,2,1.0
556511,0.0,0.0,855.75,2,1.0
556512,0.0,0.0,855.75,2,1.0
556513,0.0,0.25,855.5,1,1.0
556514,0.0,0.0,855.5,1,1.0
556515,0.0,0.0,855.5,1,1.0
556516,12.5,0.25,867.75,2,1.0
556517,-12.5,0.25,855.0,1,1.0
556518,0.0,0.0,855.0,1,1.0
556519,0.0,0.25,854.75,2,1.0
556520,12.5,0.25,867.0,1,1.0
556521,0.0,0.0,867.0,1,1.0
556522,12.5,0.25,879.25,2,1.0
556523,0.0,0.0,879.25,2,1.0
556524,0.0,0.0,879.25,2,1.0
556525,25.0,0.25,904.0,0,1.0
556526,0.0,0.25,903.75,2,1.0
556527,0.0,0.0,903.75,2,1.0
556528,12.5,0.25,916.0,1,1.0
556529,0.0,0.0,916.0,1,1.0
556530,0.0,0.25,915.75,2,1.0
556531,0.0,0.0,915.75,2,1.0
556532,0.0,0.0,915.75,2,1.0
556533,0.0,0.0,915.75,2,1.0
556534,-50.0,0.25,865.5,1,1.0
556535,0.0,0.0,865.5,1,1.0
556536,0.0,0.0,865.5,1,1.0
556537,0.0,0.0,865.5,1,1.0
556538,-12.5,0.25,852.75,2,1.0
556539,0.0,0.0,852.75,2,1.0
556540,0.0,0.0,852.75,2,1.0
556541,0.0,0.0,852.75,2,1.0
556542,0.0,0.0,852.75,2,1.0
556543,-12.5,0.25,840.0,1,1.0
556544,0.0,0.0,840.0,1,1.0
556545,0.0,0.0,840.0,1,1.0
556546,0.0,0.0,840.0,1,1.0
556547,0.0,0.0,840.0,1,1.0
556548,0.0,0.25,839.75,2,1.0
556549,0.0,0.0,839.75,2,1.0
556550,0.0,0.0,839.75,2,1.0
556551,0.0,0.0,839.75,2,1.0
556552,0.0,0.0,839.75,2,1.0
556553,-25.0,0.25,814.5,1,1.0
556554,0.0,0.0,814.5,1,1.0
556555,-12.5,0.25,801.75,2,1.0
556556,0.0,0.25,801.5,1,1.0
556557,0.0,0.25,801.25,2,1.0
556558,0.0,0.0,801.25,2,1.0
556559,0.0,0.0,801.25,2,1.0
556560,-50.0,0.25,751.0,1,1.0
556561,0.0,0.0,751.0,1,1.0
556562,0.0,0.0,751.0,1,1.0
556563,0.0,0.0,751.0,1,1.0
556564,-37.5,0.25,713.25,2,1.0
556565,0.0,0.0,713.25,2,1.0
556566,0.0,0.0,713.25,2,1.0
556567,-37.5,0.25,675.5,1,1.0
556568,0.0,0.25,675.25,0,1.0
556569,0.0,0.25,675.0,1,1.0
556570,-12.5,0.25,662.25,2,1.0
556571,0.0,0.0,662.25,2,1.0
556572,0.0,0.0,662.25,2,1.0
556573,0.0,0.0,662.25,2,1.0
556574,0.0,0.0,662.25,2,1.0
556575,0.0,0.0,662.25,2,1.0
556576,0.0,0.0,662.25,2,1.0
556577,0.0,0.0,662.25,2,1.0
556578,25.0,0.25,687.0,1,1.0
556579,0.0,0.0,687.0,1,1.0
556580,-12.5,0.25,674.25,2,1.0
556581,0.0,0.0,674.25,2,1.0
556582,0.0,0.0,674.25,2,1.0
556583,0.0,0.0,674.25,2,1.0
556584,0.0,0.0,674.25,2,1.0
556585,-12.5,0.25,661.5,1,1.0
556586,-12.5,0.25,648.75,0,1.0
556587,0.0,0.25,648.5,1,1.0
556588,0.0,0.25,648.25,2,1.0
556589,0.0,0.25,648.0,1,1.0
556590,0.0,0.0,648.0,1,1.0
556591,25.0,0.25,672.75,0,1.0
556592,0.0,0.25,672.5,1,1.0
556593,0.0,0.0,672.5,1,1.0
556594,0.0,0.0,672.5,1,1.0
556595,0.0,0.25,672.25,2,1.0
556596,0.0,0.0,672.25,2,1.0
556597,0.0,0.0,672.25,2,1.0
556598,12.5,0.25,684.5,1,1.0
556599,0.0,0.25,684.25,2,1.0
556600,0.0,0.25,684.0,1,1.0
556601,12.5,0.25,696.25,2,1.0
556602,12.5,0.25,708.5,1,1.0
556603,0.0,0.0,708.5,1,1.0
556604,0.0,0.0,708.5,1,1.0
556605,12.5,0.25,720.75,2,1.0
556606,0.0,0.25,720.5,1,1.0
556607,0.0,0.0,720.5,1,1.0
556608,0.0,0.0,720.5,1,1.0
556609,0.0,0.25,720.25,0,1.0
556610,0.0,0.25,720.0,1,1.0
556611,0.0,0.25,719.75,2,1.0
556612,0.0,0.0,719.75,2,1.0
556613,0.0,0.0,719.75,2,1.0
556614,25.0,0.25,744.5,1,1.0
556615,25.0,0.25,769.25,2,1.0
556616,0.0,0.0,769.25,2,1.0
556617,0.0,0.0,769.25,2,1.0
556618,0.0,0.0,769.25,2,1.0
556619,0.0,0.0,769.25,2,1.0
556620,0.0,0.0,769.25,2,1.0
556621,87.5,0.25,856.5,1,1.0
556622,0.0,0.0,856.5,1,1.0
556623,0.0,0.0,856.5,1,1.0
556624,0.0,0.0,856.5,1,1.0
556625,0.0,0.0,856.5,1,1.0
556626,0.0,0.0,856.5,1,1.0
556627,37.5,0.25,893.75,2,1.0
556628,25.0,0.25,918.5,1,1.0
556629,0.0,0.0,918.5,1,1.0
556630,12.5,0.25,930.75,2,1.0
556631,12.5,0.25,943.0,1,1.0
556632,12.5,0.25,955.25,2,1.0
556633,12.5,0.25,967.5,1,1.0
556634,0.0,0.25,967.25,2,1.0
556635,0.0,0.0,967.25,2,1.0
556636,0.0,0.0,967.25,2,1.0
556637,0.0,0.0,967.25,2,1.0
556638,0.0,0.0,967.25,2,1.0
556639,100.0,0.25,1067.0,0,1.0
556640,0.0,0.25,1066.75,2,1.0
556641,0.0,0.0,1066.75,2,1.0
556642,0.0,0.0,1066.75,2,1.0
556643,12.5,0.25,1079.0,0,1.0
556644,0.0,0.25,1078.75,1,1.0
556645,25.0,0.25,1103.5,2,1.0
556646,0.0,0.0,1103.5,2,1.0
556647,0.0,0.0,1103.5,2,1.0
556648,0.0,0.25,1103.25,1,1.0
556649,0.0,0.0,1103.25,1,1.0
556650,0.0,0.0,1103.25,1,1.0
556651,0.0,0.0,1103.25,1,1.0
556652,0.0,0.0,1103.25,1,1.0
556653,0.0,0.0,1103.25,1,1.0
556654,0.0,0.0,1103.25,1,1.0
556655,0.0,0.0,1103.25,1,1.0
556656,50.0,0.25,1153.0,2,1.0
556657,0.0,0.25,1152.75,1,1.0
556658,0.0,0.0,1152.75,1,1.0
556659,0.0,0.0,1152.75,1,1.0
556660,0.0,0.0,1152.75,1,1.0
556661,0.0,0.0,1152.75,1,1.0
556662,0.0,0.0,1152.75,1,1.0
556663,0.0,0.0,1152.75,1,1.0
556664,0.0,0.0,1152.75,1,1.0
556665,0.0,0.0,1152.75,1,1.0
556666,0.0,0.0,1152.75,1,1.0
556667,0.0,0.0,1152.75,1,1.0
556668,-50.0,0.25,1102.5,2,1.0
556669,0.0,0.0,1102.5,2,1.0
556670,0.0,0.0,1102.5,2,1.0
556671,0.0,0.0,1102.5,2,1.0
556672,0.0,0.0,1102.5,2,1.0
556673,37.5,0.25,1139.75,1,1.0
556674,0.0,0.0,1139.75,1,1.0
556675,0.0,0.0,1139.75,1,1.0
556676,0.0,0.0,1139.75,1,1.0
556677,25.0,0.25,1164.5,2,1.0
556678,75.0,0.25,1239.25,1,1.0
556679,0.0,0.0,1239.25,1,1.0
556680,0.0,0.0,1239.25,1,1.0
556681,0.0,0.0,1239.25,1,1.0
556682,0.0,0.0,1239.25,1,1.0
556683,-62.5,0.25,1176.5,0,1.0
556684,0.0,0.25,1176.25,1,1.0
556685,-25.0,0.25,1151.0,2,1.0
556686,62.5,0.25,1213.25,1,1.0
556687,0.0,0.0,1213.25,1,1.0
556688,0.0,0.0,1213.25,1,1.0
556689,0.0,0.0,1213.25,1,1.0
556690,0.0,0.0,1213.25,1,1.0
556691,0.0,0.0,1213.25,1,1.0
556692,0.0,0.0,1213.25,1,1.0
556693,0.0,0.0,1213.25,1,1.0
556694,0.0,0.0,1213.25,1,1.0
556695,0.0,0.0,1213.25,1,1.0
556696,0.0,0.0,1213.25,1,1.0
556697,0.0,0.0,1213.25,1,1.0
556698,0.0,0.0,1213.25,1,1.0
556699,0.0,0.0,1213.25,1,1.0
556700,0.0,0.0,1213.25,1,1.0
556701,0.0,0.0,1213.25,1,1.0
556702,0.0,0.0,1213.25,1,1.0
556703,0.0,0.0,1213.25,1,1.0
556704,0.0,0.0,1213.25,1,1.0
556705,0.0,0.0,1213.25,1,1.0
556706,0.0,0.0,1213.25,1,1.0
556707,0.0,0.0,1213.25,1,1.0
556708,0.0,0.0,1213.25,1,1.0
556709,0.0,0.0,1213.25,1,1.0
556710,0.0,0.0,1213.25,1,1.0
556711,0.0,0.0,1213.25,1,1.0
556712,0.0,0.0,1213.25,1,1.0
556713,0.0,0.0,1213.25,1,1.0
556714,0.0,0.0,1213.25,1,1.0
556715,0.0,0.0,1213.25,1,1.0
556716,0.0,0.0,1213.25,1,1.0
556717,0.0,0.0,1213.25,1,1.0
556718,0.0,0.0,1213.25,1,1.0
556719,0.0,0.0,1213.25,1,1.0
556720,0.0,0.0,1213.25,1,1.0
556721,0.0,0.0,1213.25,1,1.0
556722,0.0,0.0,1213.25,1,1.0
556723,0.0,0.0,1213.25,1,1.0
556724,0.0,0.0,1213.25,1,1.0
556725,0.0,0.0,1213.25,1,1.0
556726,0.0,0.0,1213.25,1,1.0
556727,0.0,0.0,1213.25,1,1.0
556728,0.0,0.0,1213.25,1,1.0
556729,0.0,0.0,1213.25,1,1.0
556730,0.0,0.0,1213.25,1,1.0
556731,-512.5,0.25,700.5,0,1.0
556732,0.0,0.25,700.25,1,1.0
556733,0.0,0.0,700.25,1,1.0
556734,0.0,0.0,700.25,1,1.0
556735,0.0,0.0,700.25,1,1.0
556736,-50.0,0.25,650.0,2,1.0
556737,-50.0,0.25,599.75,1,1.0
556738,0.0,0.0,599.75,1,1.0
556739,0.0,0.0,599.75,1,1.0
556740,0.0,0.0,599.75,1,1.0
556741,0.0,0.0,599.75,1,1.0
556742,0.0,0.0,599.75,1,1.0
556743,0.0,0.0,599.75,1,1.0
556744,0.0,0.0,599.75,1,1.0
556745,-12.5,0.25,587.0,0,1.0
556746,0.0,0.25,586.75,1,1.0
556747,0.0,0.0,586.75,1,1.0
556748,0.0,0.0,586.75,1,1.0
556749,0.0,0.0,586.75,1,1.0
556750,25.0,0.25,611.5,0,1.0
556751,0.0,0.25,611.25,1,1.0
556752,0.0,0.0,611.25,1,1.0
556753,0.0,0.0,611.25,1,1.0
556754,0.0,0.0,611.25,1,1.0
556755,0.0,0.0,611.25,1,1.0
556756,0.0,0.0,611.25,1,1.0
556757,0.0,0.0,611.25,1,1.0
556758,0.0,0.0,611.25,1,1.0
556759,0.0,0.0,611.25,1,1.0
556760,0.0,0.0,611.25,1,1.0
556761,0.0,0.0,611.25,1,1.0
556762,0.0,0.0,611.25,1,1.0
556763,0.0,0.0,611.25,1,1.0
556764,0.0,0.0,611.25,1,1.0
556765,0.0,0.0,611.25,1,1.0
556766,0.0,0.0,611.25,1,1.0
556767,0.0,0.0,611.25,1,1.0
556768,0.0,0.0,611.25,1,1.0
556769,0.0,0.0,611.25,1,1.0
556770,0.0,0.0,611.25,1,1.0
556771,0.0,0.0,611.25,1,1.0
556772,62.5,0.25,673.5,2,1.0
556773,-25.0,0.25,648.25,1,1.0
556774,0.0,0.0,648.25,1,1.0
556775,0.0,0.0,648.25,1,1.0
556776,0.0,0.0,648.25,1,1.0
556777,0.0,0.0,648.25,1,1.0
556778,0.0,0.0,648.25,1,1.0
556779,0.0,0.0,648.25,1,1.0
556780,0.0,0.0,648.25,1,1.0
556781,0.0,0.0,648.25,1,1.0
556782,0.0,0.0,648.25,1,1.0
556783,-75.0,0.25,573.0,2,1.0
556784,25.0,0.25,597.75,1,1.0
556785,0.0,0.0,597.75,1,1.0
556786,0.0,0.0,597.75,1,1.0
556787,0.0,0.0,597.75,1,1.0
556788,0.0,0.0,597.75,1,1.0
556789,0.0,0.0,597.75,1,1.0
556790,0.0,0.0,597.75,1,1.0
556791,0.0,0.0,597.75,1,1.0
556792,0.0,0.0,597.75,1,1.0
556793,0.0,0.0,597.75,1,1.0
556794,0.0,0.0,597.75,1,1.0
556795,0.0,0.0,597.75,1,1.0
556796,0.0,0.0,597.75,1,1.0
556797,0.0,0.0,597.75,1,1.0
556798,0.0,0.0,597.75,1,1.0
556799,0.0,0.0,597.75,1,1.0
556800,0.0,0.0,597.75,1,1.0
556801,0.0,0.0,597.75,1,1.0
556802,0.0,0.0,597.75,1,1.0
556803,0.0,0.0,597.75,1,1.0
556804,0.0,0.0,597.75,1,1.0
556805,0.0,0.0,597.75,1,1.0
556806,0.0,0.0,597.75,1,1.0
556807,-37.5,0.25,560.0,2,1.0
556808,-25.0,0.25,534.75,1,1.0
556809,0.0,0.25,534.5,2,1.0
556810,-37.5,0.25,496.75,1,1.0
556811,0.0,0.0,496.75,1,1.0
556812,0.0,0.25,496.5,0,1.0
556813,0.0,0.25,496.25,1,1.0
556814,0.0,0.0,496.25,1,1.0
556815,0.0,0.0,496.25,1,1.0
556816,0.0,0.0,496.25,1,1.0
556817,0.0,0.0,496.25,1,1.0
556818,0.0,0.0,496.25,1,1.0
556819,0.0,0.0,496.25,1,1.0
556820,0.0,0.0,496.25,1,1.0
556821,0.0,0.0,496.25,1,1.0
556822,0.0,0.0,496.25,1,1.0
556823,0.0,0.0,496.25,1,1.0
556824,0.0,0.0,496.25,1,1.0
556825,0.0,0.0,496.25,1,1.0
556826,-25.0,0.25,471.0,2,1.0
556827,37.5,0.25,508.25,1,1.0
556828,0.0,0.0,508.25,1,1.0
556829,12.5,0.25,520.5,0,1.0
556830,0.0,0.25,520.25,1,1.0
556831,0.0,0.0,520.25,1,1.0
556832,0.0,0.0,520.25,1,1.0
556833,0.0,0.0,520.25,1,1.0
556834,0.0,0.0,520.25,1,1.0
556835,0.0,0.0,520.25,1,1.0
556836,0.0,0.0,520.25,1,1.0
556837,0.0,0.0,520.25,1,1.0
556838,0.0,0.0,520.25,1,1.0
556839,0.0,0.0,520.25,1,1.0
556840,12.5,0.25,532.5,2,1.0
556841,12.5,0.25,544.75,1,1.0
556842,-12.5,0.25,532.0,2,1.0
556843,-87.5,0.25,444.25,1,1.0
556844,0.0,0.0,444.25,1,1.0
556845,0.0,0.0,444.25,1,1.0
556846,0.0,0.0,444.25,1,1.0
556847,0.0,0.0,444.25,1,1.0
556848,0.0,0.0,444.25,1,1.0
556849,0.0,0.0,444.25,1,1.0
556850,-75.0,0.25,369.0,2,1.0
556851,-12.5,0.25,356.25,1,1.0
556852,0.0,0.0,356.25,1,1.0
556853,0.0,0.0,356.25,1,1.0
556854,0.0,0.0,356.25,1,1.0
556855,0.0,0.0,356.25,1,1.0
556856,0.0,0.0,356.25,1,1.0
556857,0.0,0.0,356.25,1,1.0
556858,0.0,0.0,356.25,1,1.0
556859,0.0,0.0,356.25,1,1.0
556860,0.0,0.0,356.25,1,1.0
556861,0.0,0.0,356.25,1,1.0
556862,0.0,0.0,356.25,1,1.0
556863,0.0,0.0,356.25,1,1.0
556864,0.0,0.0,356.25,1,1.0
556865,0.0,0.0,356.25,1,1.0
556866,25.0,0.25,381.0,2,1.0
556867,0.0,0.25,380.75,1,1.0
556868,0.0,0.0,380.75,1,1.0
556869,0.0,0.0,380.75,1,1.0
556870,0.0,0.0,380.75,1,1.0
556871,0.0,0.0,380.75,1,1.0
556872,0.0,0.0,380.75,1,1.0
556873,0.0,0.0,380.75,1,1.0
556874,0.0,0.0,380.75,1,1.0
556875,0.0,0.0,380.75,1,1.0
556876,0.0,0.0,380.75,1,1.0
556877,0.0,0.0,380.75,1,1.0
556878,37.5,0.25,418.0,2,1.0
556879,12.5,0.25,430.25,0,1.0
556880,0.0,0.25,430.0,1,1.0
556881,0.0,0.0,430.0,1,1.0
556882,0.0,0.0,430.0,1,1.0
556883,0.0,0.0,430.0,1,1.0
556884,0.0,0.0,430.0,1,1.0
556885,62.5,0.25,492.25,2,1.0
556886,25.0,0.25,517.0,1,1.0
556887,0.0,0.0,517.0,1,1.0
556888,0.0,0.0,517.0,1,1.0
556889,0.0,0.0,517.0,1,1.0
556890,0.0,0.0,517.0,1,1.0
556891,0.0,0.0,517.0,1,1.0
556892,0.0,0.0,517.0,1,1.0
556893,0.0,0.0,517.0,1,1.0
556894,0.0,0.0,517.0,1,1.0
556895,0.0,0.0,517.0,1,1.0
556896,0.0,0.0,517.0,1,1.0
556897,0.0,0.0,517.0,1,1.0
556898,0.0,0.0,517.0,1,1.0
556899,0.0,0.0,517.0,1,1.0
556900,0.0,0.0,517.0,1,1.0
556901,-25.0,0.25,491.75,0,1.0
556902,0.0,0.25,491.5,1,1.0
556903,0.0,0.0,491.5,1,1.0
556904,0.0,0.0,491.5,1,1.0
556905,0.0,0.0,491.5,1,1.0
556906,0.0,0.0,491.5,1,1.0
556907,0.0,0.0,491.5,1,1.0
556908,0.0,0.0,491.5,1,1.0
556909,0.0,0.0,491.5,1,1.0
556910,0.0,0.0,491.5,1,1.0
556911,0.0,0.0,491.5,1,1.0
556912,0.0,0.0,491.5,1,1.0
556913,0.0,0.0,491.5,1,1.0
556914,0.0,0.0,491.5,1,1.0
556915,0.0,0.25,491.25,0,1.0
556916,0.0,0.25,491.0,1,1.0
556917,0.0,0.0,491.0,1,1.0
556918,0.0,0.0,491.0,1,1.0
556919,0.0,0.0,491.0,1,1.0
556920,0.0,0.0,491.0,1,1.0
556921,0.0,0.0,491.0,1,1.0
556922,0.0,0.0,491.0,1,1.0
556923,0.0,0.0,491.0,1,1.0
556924,0.0,0.0,491.0,1,1.0
556925,0.0,0.0,491.0,1,1.0
556926,0.0,0.0,491.0,1,1.0
556927,0.0,0.0,491.0,1,1.0
556928,0.0,0.0,491.0,1,1.0
556929,0.0,0.0,491.0,1,1.0
556930,0.0,0.0,491.0,1,1.0
556931,0.0,0.0,491.0,1,1.0
556932,0.0,0.0,491.0,1,1.0
556933,0.0,0.0,491.0,1,1.0
556934,-12.5,0.25,478.25,2,1.0
556935,-12.5,0.25,465.5,1,1.0
556936,0.0,0.0,465.5,1,1.0
556937,0.0,0.0,465.5,1,1.0
556938,0.0,0.0,465.5,1,1.0
556939,0.0,0.0,465.5,1,1.0
556940,0.0,0.0,465.5,1,1.0
556941,0.0,0.0,465.5,1,1.0
556942,-12.5,0.25,452.75,2,1.0
556943,0.0,0.25,452.5,1,1.0
556944,0.0,0.0,452.5,1,1.0
556945,0.0,0.0,452.5,1,1.0
556946,0.0,0.0,452.5,1,1.0
556947,0.0,0.0,452.5,1,1.0
556948,0.0,0.0,452.5,1,1.0
556949,0.0,0.0,452.5,1,1.0
556950,0.0,0.0,452.5,1,1.0
556951,0.0,0.0,452.5,1,1.0
556952,0.0,0.0,452.5,1,1.0
556953,0.0,0.0,452.5,1,1.0
556954,0.0,0.0,452.5,1,1.0
556955,0.0,0.0,452.5,1,1.0
556956,0.0,0.0,452.5,1,1.0
556957,0.0,0.0,452.5,1,1.0
556958,0.0,0.25,452.25,0,1.0
556959,0.0,0.25,452.0,1,1.0
556960,0.0,0.0,452.0,1,1.0
556961,0.0,0.0,452.0,1,1.0
556962,0.0,0.0,452.0,1,1.0
556963,0.0,0.0,452.0,1,1.0
556964,0.0,0.0,452.0,1,1.0
556965,0.0,0.0,452.0,1,1.0
556966,0.0,0.0,452.0,1,1.0
556967,-25.0,0.25,426.75,2,1.0
556968,-12.5,0.25,414.0,1,1.0
556969,0.0,0.0,414.0,1,1.0
556970,0.0,0.0,414.0,1,1.0
556971,0.0,0.0,414.0,1,1.0
556972,0.0,0.0,414.0,1,1.0
556973,0.0,0.0,414.0,1,1.0
556974,0.0,0.0,414.0,1,1.0
556975,0.0,0.0,414.0,1,1.0
556976,0.0,0.0,414.0,1,1.0
556977,0.0,0.0,414.0,1,1.0
556978,0.0,0.0,414.0,1,1.0
556979,0.0,0.0,414.0,1,1.0
556980,0.0,0.0,414.0,1,1.0
556981,0.0,0.0,414.0,1,1.0
556982,0.0,0.0,414.0,1,1.0
556983,0.0,0.0,414.0,1,1.0
556984,0.0,0.0,414.0,1,1.0
556985,0.0,0.0,414.0,1,1.0
556986,0.0,0.0,414.0,1,1.0
556987,0.0,0.0,414.0,1,1.0
556988,0.0,0.0,414.0,1,1.0
556989,0.0,0.0,414.0,1,1.0
556990,87.5,0.25,501.25,2,1.0
556991,12.5,0.25,513.5,1,1.0
556992,0.0,0.0,513.5,1,1.0
556993,0.0,0.0,513.5,1,1.0
556994,0.0,0.0,513.5,1,1.0
556995,0.0,0.0,513.5,1,1.0
556996,0.0,0.0,513.5,1,1.0
556997,0.0,0.0,513.5,1,1.0
556998,25.0,0.25,538.25,2,1.0
556999,37.5,0.25,575.5,1,1.0
557000,0.0,0.0,575.5,1,1.0
557001,0.0,0.0,575.5,1,1.0
557002,0.0,0.0,575.5,1,1.0
557003,0.0,0.0,575.5,1,1.0
557004,0.0,0.0,575.5,1,1.0
557005,0.0,0.25,575.25,2,1.0
557006,0.0,0.25,575.0,1,1.0
557007,0.0,0.0,575.0,1,1.0
557008,0.0,0.0,575.0,1,1.0
557009,0.0,0.0,575.0,1,1.0
557010,0.0,0.0,575.0,1,1.0
557011,50.0,0.25,624.75,0,1.0
557012,0.0,0.25,624.5,2,1.0
557013,0.0,0.25,624.25,1,1.0
557014,0.0,0.0,624.25,1,1.0
557015,-25.0,0.25,599.0,2,1.0
557016,0.0,0.25,598.75,1,1.0
557017,0.0,0.25,598.5,2,1.0
557018,37.5,0.25,635.75,1,1.0
557019,0.0,0.25,635.5,2,1.0
557020,12.5,0.25,647.75,1,1.0
557021,0.0,0.0,647.75,1,1.0
557022,0.0,0.0,647.75,1,1.0
557023,0.0,0.0,647.75,1,1.0
557024,0.0,0.0,647.75,1,1.0
557025,0.0,0.0,647.75,1,1.0
557026,0.0,0.0,647.75,1,1.0
557027,0.0,0.0,647.75,1,1.0
557028,0.0,0.0,647.75,1,1.0
557029,0.0,0.0,647.75,1,1.0
557030,0.0,0.0,647.75,1,1.0
557031,0.0,0.0,647.75,1,1.0
557032,0.0,0.0,647.75,1,1.0
557033,0.0,0.0,647.75,1,1.0
557034,0.0,0.0,647.75,1,1.0
557035,0.0,0.0,647.75,1,1.0
557036,0.0,0.0,647.75,1,1.0
557037,0.0,0.0,647.75,1,1.0
557038,0.0,0.0,647.75,1,1.0
557039,0.0,0.0,647.75,1,1.0
557040,0.0,0.0,647.75,1,1.0
557041,0.0,0.0,647.75,1,1.0
557042,0.0,0.0,647.75,1,1.0
557043,62.5,0.25,710.0,0,1.0
557044,0.0,0.25,709.75,1,1.0
557045,0.0,0.0,709.75,1,1.0
557046,0.0,0.0,709.75,1,1.0
557047,0.0,0.0,709.75,1,1.0
557048,0.0,0.0,709.75,1,1.0
557049,0.0,0.0,709.75,1,1.0
557050,0.0,0.0,709.75,1,1.0
557051,0.0,0.0,709.75,1,1.0
557052,0.0,0.0,709.75,1,1.0
557053,0.0,0.0,709.75,1,1.0
557054,0.0,0.0,709.75,1,1.0
557055,0.0,0.0,709.75,1,1.0
557056,0.0,0.0,709.75,1,1.0
557057,0.0,0.0,709.75,1,1.0
557058,0.0,0.0,709.75,1,1.0
557059,0.0,0.0,709.75,1,1.0
557060,0.0,0.0,709.75,1,1.0
557061,0.0,0.0,709.75,1,1.0
557062,0.0,0.0,709.75,1,1.0
557063,0.0,0.0,709.75,1,1.0
557064,0.0,0.0,709.75,1,1.0
557065,0.0,0.0,709.75,1,1.0
557066,0.0,0.0,709.75,1,1.0
557067,0.0,0.0,709.75,1,1.0
557068,0.0,0.0,709.75,1,1.0
557069,0.0,0.0,709.75,1,1.0
557070,0.0,0.0,709.75,1,1.0
557071,0.0,0.0,709.75,1,1.0
557072,0.0,0.0,709.75,1,1.0
557073,0.0,0.0,709.75,1,1.0
557074,0.0,0.0,709.75,1,1.0
557075,0.0,0.0,709.75,1,1.0
557076,0.0,0.0,709.75,1,1.0
557077,0.0,0.0,709.75,1,1.0
557078,0.0,0.0,709.75,1,1.0
557079,0.0,0.0,709.75,1,1.0
557080,0.0,0.0,709.75,1,1.0
557081,0.0,0.0,709.75,1,1.0
557082,0.0,0.0,709.75,1,1.0
557083,0.0,0.0,709.75,1,1.0
557084,0.0,0.0,709.75,1,1.0
557085,237.5,0.25,947.0,2,1.0
557086,0.0,0.25,946.75,1,1.0
557087,0.0,0.0,946.75,1,1.0
557088,0.0,0.0,946.75,1,1.0
557089,0.0,0.0,946.75,1,1.0
557090,0.0,0.0,946.75,1,1.0
557091,0.0,0.25,946.5,0,1.0
557092,0.0,0.0,946.5,0,1.0
557093,0.0,0.25,946.25,1,1.0
557094,0.0,0.0,946.25,1,1.0
557095,0.0,0.0,946.25,1,1.0
557096,0.0,0.0,946.25,1,1.0
557097,0.0,0.0,946.25,1,1.0
557098,0.0,0.0,946.25,1,1.0
557099,12.5,0.25,958.5,2,1.0
557100,0.0,0.0,958.5,2,1.0
557101,0.0,0.0,958.5,2,1.0
557102,0.0,0.0,958.5,2,1.0
557103,0.0,0.0,958.5,2,1.0
557104,0.0,0.25,958.25,1,1.0
557105,0.0,0.0,958.25,1,1.0
557106,0.0,0.0,958.25,1,1.0
557107,0.0,0.0,958.25,1,1.0
557108,0.0,0.0,958.25,1,1.0
557109,-12.5,0.25,945.5,2,1.0
557110,0.0,0.0,945.5,2,1.0
557111,0.0,0.0,945.5,2,1.0
557112,-12.5,0.25,932.75,0,1.0
557113,0.0,0.25,932.5,1,1.0
557114,0.0,0.0,932.5,1,1.0
557115,12.5,0.25,944.75,0,1.0
557116,0.0,0.25,944.5,1,1.0
557117,0.0,0.0,944.5,1,1.0
557118,0.0,0.0,944.5,1,1.0
557119,0.0,0.0,944.5,1,1.0
557120,0.0,0.25,944.25,2,1.0
557121,0.0,0.0,944.25,2,1.0
557122,0.0,0.0,944.25,2,1.0
557123,0.0,0.25,944.0,1,1.0
557124,0.0,0.0,944.0,1,1.0
557125,0.0,0.0,944.0,1,1.0
557126,12.5,0.25,956.25,2,1.0
557127,0.0,0.0,956.25,2,1.0
557128,12.5,0.25,968.5,1,1.0
557129,0.0,0.0,968.5,1,1.0
557130,0.0,0.25,968.25,2,1.0
557131,0.0,0.0,968.25,2,1.0
557132,0.0,0.0,968.25,2,1.0
557133,0.0,0.0,968.25,2,1.0
557134,0.0,0.25,968.0,1,1.0
557135,0.0,0.0,968.0,1,1.0
557136,-12.5,0.25,955.25,2,1.0
557137,0.0,0.0,955.25,2,1.0
557138,0.0,0.0,955.25,2,1.0
557139,0.0,0.0,955.25,2,1.0
557140,-12.5,0.25,942.5,1,1.0
557141,0.0,0.0,942.5,1,1.0
557142,-25.0,0.25,917.25,2,1.0
557143,0.0,0.0,917.25,2,1.0
557144,0.0,0.0,917.25,2,1.0
557145,0.0,0.0,917.25,2,1.0
557146,-12.5,0.25,904.5,1,1.0
557147,-25.0,0.25,879.25,2,1.0
557148,0.0,0.0,879.25,2,1.0
557149,0.0,0.0,879.25,2,1.0
557150,0.0,0.0,879.25,2,1.0
557151,0.0,0.0,879.25,2,1.0
557152,0.0,0.0,879.25,2,1.0
557153,0.0,0.0,879.25,2,1.0
557154,12.5,0.25,891.5,1,1.0
557155,0.0,0.0,891.5,1,1.0
557156,0.0,0.25,891.25,2,1.0
557157,0.0,0.0,891.25,2,1.0
557158,-12.5,0.25,878.5,1,1.0
557159,0.0,0.25,878.25,2,1.0
557160,0.0,0.25,878.0,1,1.0
557161,0.0,0.25,877.75,2,1.0
557162,0.0,0.0,877.75,2,1.0
557163,0.0,0.0,877.75,2,1.0
557164,0.0,0.0,877.75,2,1.0
557165,0.0,0.0,877.75,2,1.0
557166,-25.0,0.25,852.5,1,1.0
557167,0.0,0.0,852.5,1,1.0
557168,0.0,0.0,852.5,1,1.0
557169,0.0,0.0,852.5,1,1.0
557170,0.0,0.0,852.5,1,1.0
557171,-12.5,0.25,839.75,2,1.0
557172,0.0,0.0,839.75,2,1.0
557173,0.0,0.0,839.75,2,1.0
557174,0.0,0.0,839.75,2,1.0
557175,0.0,0.25,839.5,1,1.0
557176,0.0,0.0,839.5,1,1.0
557177,12.5,0.25,851.75,2,1.0
557178,0.0,0.0,851.75,2,1.0
557179,-12.5,0.25,839.0,1,1.0
557180,0.0,0.0,839.0,1,1.0
557181,0.0,0.0,839.0,1,1.0
557182,0.0,0.0,839.0,1,1.0
557183,0.0,0.0,839.0,1,1.0
557184,-12.5,0.25,826.25,2,1.0
557185,0.0,0.0,826.25,2,1.0
557186,0.0,0.0,826.25,2,1.0
557187,0.0,0.0,826.25,2,1.0
557188,0.0,0.25,826.0,1,1.0
557189,0.0,0.25,825.75,0,1.0
557190,0.0,0.25,825.5,1,1.0
557191,-12.5,0.25,812.75,2,1.0
557192,0.0,0.0,812.75,2,1.0
557193,0.0,0.0,812.75,2,1.0
557194,0.0,0.0,812.75,2,1.0
557195,0.0,0.0,812.75,2,1.0
557196,0.0,0.0,812.75,2,1.0
557197,12.5,0.25,825.0,1,1.0
557198,-12.5,0.25,812.25,2,1.0
557199,0.0,0.0,812.25,2,1.0
557200,0.0,0.0,812.25,2,1.0
557201,0.0,0.0,812.25,2,1.0
557202,0.0,0.25,812.0,1,1.0
557203,0.0,0.0,812.0,1,1.0
557204,0.0,0.25,811.75,2,1.0
557205,0.0,0.0,811.75,2,1.0
557206,0.0,0.0,811.75,2,1.0
557207,0.0,0.25,811.5,0,1.0
557208,0.0,0.0,811.5,0,1.0
557209,0.0,0.25,811.25,1,1.0
557210,0.0,0.25,811.0,2,1.0
557211,0.0,0.0,811.0,2,1.0
557212,0.0,0.0,811.0,2,1.0
557213,0.0,0.0,811.0,2,1.0
557214,0.0,0.25,810.75,1,1.0
557215,12.5,0.25,823.0,2,1.0
557216,12.5,0.25,835.25,1,1.0
557217,0.0,0.0,835.25,1,1.0
557218,0.0,0.25,835.0,0,1.0
557219,0.0,0.25,834.75,2,1.0
557220,0.0,0.25,834.5,1,1.0
557221,0.0,0.0,834.5,1,1.0
557222,0.0,0.0,834.5,1,1.0
557223,0.0,0.0,834.5,1,1.0
557224,-12.5,0.25,821.75,2,1.0
557225,0.0,0.0,821.75,2,1.0
557226,0.0,0.0,821.75,2,1.0
557227,0.0,0.0,821.75,2,1.0
557228,12.5,0.25,834.0,1,1.0
557229,0.0,0.25,833.75,2,1.0
557230,0.0,0.0,833.75,2,1.0
557231,0.0,0.0,833.75,2,1.0
557232,0.0,0.0,833.75,2,1.0
557233,0.0,0.0,833.75,2,1.0
557234,0.0,0.0,833.75,2,1.0
557235,0.0,0.25,833.5,0,1.0
557236,0.0,0.25,833.25,1,1.0
557237,0.0,0.0,833.25,1,1.0
557238,0.0,0.25,833.0,2,1.0
557239,0.0,0.0,833.0,2,1.0
557240,0.0,0.0,833.0,2,1.0
557241,-25.0,0.25,807.75,0,1.0
557242,0.0,0.25,807.5,1,1.0
557243,0.0,0.0,807.5,1,1.0
557244,0.0,0.0,807.5,1,1.0
557245,0.0,0.0,807.5,1,1.0
557246,0.0,0.0,807.5,1,1.0
557247,0.0,0.0,807.5,1,1.0
557248,0.0,0.0,807.5,1,1.0
557249,-25.0,0.25,782.25,2,1.0
557250,0.0,0.0,782.25,2,1.0
557251,0.0,0.0,782.25,2,1.0
557252,0.0,0.0,782.25,2,1.0
557253,12.5,0.25,794.5,1,1.0
557254,0.0,0.0,794.5,1,1.0
557255,0.0,0.25,794.25,2,1.0
557256,0.0,0.0,794.25,2,1.0
557257,0.0,0.0,794.25,2,1.0
557258,0.0,0.0,794.25,2,1.0
557259,0.0,0.0,794.25,2,1.0
557260,25.0,0.25,819.0,1,1.0
557261,0.0,0.0,819.0,1,1.0
557262,12.5,0.25,831.25,2,1.0
557263,0.0,0.0,831.25,2,1.0
557264,12.5,0.25,843.5,1,1.0
557265,0.0,0.25,843.25,2,1.0
557266,0.0,0.25,843.0,0,1.0
557267,0.0,0.0,843.0,0,1.0
557268,0.0,0.25,842.75,1,1.0
557269,0.0,0.0,842.75,1,1.0
557270,0.0,0.0,842.75,1,1.0
557271,0.0,0.0,842.75,1,1.0
557272,-12.5,0.25,830.0,2,1.0
557273,0.0,0.0,830.0,2,1.0
557274,0.0,0.0,830.0,2,1.0
557275,12.5,0.25,842.25,1,1.0
557276,-12.5,0.25,829.5,0,1.0
557277,0.0,0.25,829.25,2,1.0
557278,0.0,0.0,829.25,2,1.0
557279,0.0,0.0,829.25,2,1.0
557280,0.0,0.25,829.0,1,1.0
557281,0.0,0.0,829.0,1,1.0
557282,0.0,0.25,828.75,2,1.0
557283,0.0,0.0,828.75,2,1.0
557284,0.0,0.0,828.75,2,1.0
557285,0.0,0.0,828.75,2,1.0
557286,0.0,0.0,828.75,2,1.0
557287,0.0,0.0,828.75,2,1.0
557288,0.0,0.0,828.75,2,1.0
557289,-12.5,0.25,816.0,1,1.0
557290,-12.5,0.25,803.25,2,1.0
557291,-12.5,0.25,790.5,1,1.0
557292,0.0,0.25,790.25,2,1.0
557293,0.0,0.0,790.25,2,1.0
557294,0.0,0.0,790.25,2,1.0
557295,0.0,0.0,790.25,2,1.0
557296,0.0,0.0,790.25,2,1.0
557297,0.0,0.0,790.25,2,1.0
557298,12.5,0.25,802.5,1,1.0
557299,0.0,0.25,802.25,2,1.0
557300,-12.5,0.25,789.5,1,1.0
557301,0.0,0.0,789.5,1,1.0
557302,-25.0,0.25,764.25,2,1.0
557303,0.0,0.0,764.25,2,1.0
557304,0.0,0.0,764.25,2,1.0
557305,0.0,0.0,764.25,2,1.0
557306,0.0,0.0,764.25,2,1.0
557307,0.0,0.0,764.25,2,1.0
557308,0.0,0.0,764.25,2,1.0
557309,0.0,0.25,764.0,1,1.0
557310,0.0,0.0,764.0,1,1.0
557311,-12.5,0.25,751.25,2,1.0
557312,0.0,0.0,751.25,2,1.0
557313,0.0,0.0,751.25,2,1.0
557314,0.0,0.0,751.25,2,1.0
557315,0.0,0.0,751.25,2,1.0
557316,-12.5,0.25,738.5,1,1.0
557317,0.0,0.0,738.5,1,1.0
557318,0.0,0.0,738.5,1,1.0
557319,-12.5,0.25,725.75,2,1.0
557320,0.0,0.0,725.75,2,1.0
557321,0.0,0.0,725.75,2,1.0
557322,0.0,0.0,725.75,2,1.0
557323,0.0,0.0,725.75,2,1.0
557324,-25.0,0.25,700.5,1,1.0
557325,0.0,0.0,700.5,1,1.0
557326,0.0,0.0,700.5,1,1.0
557327,0.0,0.0,700.5,1,1.0
557328,0.0,0.0,700.5,1,1.0
557329,0.0,0.25,700.25,2,1.0
557330,0.0,0.0,700.25,2,1.0
557331,0.0,0.0,700.25,2,1.0
557332,0.0,0.0,700.25,2,1.0
557333,0.0,0.0,700.25,2,1.0
557334,0.0,0.0,700.25,2,1.0
557335,0.0,0.0,700.25,2,1.0
557336,-12.5,0.25,687.5,1,1.0
557337,0.0,0.0,687.5,1,1.0
557338,0.0,0.0,687.5,1,1.0
557339,0.0,0.0,687.5,1,1.0
557340,0.0,0.0,687.5,1,1.0
557341,0.0,0.25,687.25,2,1.0
557342,12.5,0.25,699.5,1,1.0
557343,12.5,0.25,711.75,2,1.0
557344,0.0,0.25,711.5,1,1.0
557345,0.0,0.0,711.5,1,1.0
557346,0.0,0.0,711.5,1,1.0
557347,0.0,0.0,711.5,1,1.0
557348,0.0,0.25,711.25,2,1.0
557349,0.0,0.0,711.25,2,1.0
557350,12.5,0.25,723.5,1,1.0
557351,0.0,0.25,723.25,2,1.0
557352,0.0,0.0,723.25,2,1.0
557353,0.0,0.0,723.25,2,1.0
557354,0.0,0.0,723.25,2,1.0
557355,0.0,0.0,723.25,2,1.0
557356,12.5,0.25,735.5,1,1.0
557357,-12.5,0.25,722.75,0,1.0
557358,0.0,0.25,722.5,1,1.0
557359,12.5,0.25,734.75,2,1.0
557360,0.0,0.0,734.75,2,1.0
557361,0.0,0.0,734.75,2,1.0
557362,12.5,0.25,747.0,1,1.0
557363,12.5,0.25,759.25,2,1.0
557364,25.0,0.25,784.0,1,1.0
557365,-12.5,0.25,771.25,2,1.0
557366,0.0,0.0,771.25,2,1.0
557367,0.0,0.0,771.25,2,1.0
557368,0.0,0.0,771.25,2,1.0
557369,-12.5,0.25,758.5,1,1.0
557370,0.0,0.25,758.25,2,1.0
557371,0.0,0.0,758.25,2,1.0
557372,0.0,0.0,758.25,2,1.0
557373,0.0,0.0,758.25,2,1.0
557374,0.0,0.0,758.25,2,1.0
557375,25.0,0.25,783.0,1,1.0
557376,12.5,0.25,795.25,2,1.0
557377,0.0,0.0,795.25,2,1.0
557378,0.0,0.0,795.25,2,1.0
557379,0.0,0.25,795.0,1,1.0
557380,0.0,0.0,795.0,1,1.0
557381,0.0,0.25,794.75,2,1.0
557382,0.0,0.25,794.5,1,1.0
557383,0.0,0.0,794.5,1,1.0
557384,0.0,0.25,794.25,2,1.0
557385,0.0,0.0,794.25,2,1.0
557386,0.0,0.0,794.25,2,1.0
557387,0.0,0.0,794.25,2,1.0
557388,0.0,0.0,794.25,2,1.0
557389,0.0,0.25,794.0,1,1.0
557390,0.0,0.0,794.0,1,1.0
557391,-12.5,0.25,781.25,2,1.0
557392,0.0,0.0,781.25,2,1.0
557393,0.0,0.0,781.25,2,1.0
557394,12.5,0.25,793.5,1,1.0
557395,0.0,0.0,793.5,1,1.0
557396,25.0,0.25,818.25,2,1.0
557397,0.0,0.0,818.25,2,1.0
557398,25.0,0.25,843.0,1,1.0
557399,0.0,0.0,843.0,1,1.0
557400,12.5,0.25,855.25,2,1.0
557401,0.0,0.0,855.25,2,1.0
557402,0.0,0.0,855.25,2,1.0
557403,0.0,0.25,855.0,1,1.0
557404,0.0,0.0,855.0,1,1.0
557405,0.0,0.0,855.0,1,1.0
557406,0.0,0.0,855.0,1,1.0
557407,-12.5,0.25,842.25,2,1.0
557408,0.0,0.0,842.25,2,1.0
557409,0.0,0.0,842.25,2,1.0
557410,0.0,0.0,842.25,2,1.0
557411,0.0,0.0,842.25,2,1.0
557412,-12.5,0.25,829.5,1,1.0
557413,0.0,0.0,829.5,1,1.0
557414,0.0,0.0,829.5,1,1.0
557415,0.0,0.0,829.5,1,1.0
557416,0.0,0.25,829.25,2,1.0
557417,0.0,0.25,829.0,1,1.0
557418,0.0,0.0,829.0,1,1.0
557419,0.0,0.25,828.75,2,1.0
557420,0.0,0.0,828.75,2,1.0
557421,0.0,0.0,828.75,2,1.0
557422,0.0,0.0,828.75,2,1.0
557423,-12.5,0.25,816.0,1,1.0
557424,0.0,0.0,816.0,1,1.0
557425,0.0,0.0,816.0,1,1.0
557426,0.0,0.0,816.0,1,1.0
557427,0.0,0.25,815.75,2,1.0
557428,0.0,0.0,815.75,2,1.0
557429,0.0,0.0,815.75,2,1.0
557430,0.0,0.0,815.75,2,1.0
557431,0.0,0.0,815.75,2,1.0
557432,25.0,0.25,840.5,1,1.0
557433,0.0,0.25,840.25,2,1.0
557434,0.0,0.0,840.25,2,1.0
557435,0.0,0.0,840.25,2,1.0
557436,0.0,0.0,840.25,2,1.0
557437,0.0,0.0,840.25,2,1.0
557438,-25.0,0.25,815.0,1,1.0
557439,0.0,0.25,814.75,0,1.0
557440,0.0,0.25,814.5,1,1.0
557441,0.0,0.0,814.5,1,1.0
557442,0.0,0.0,814.5,1,1.0
557443,-12.5,0.25,801.75,2,1.0
557444,0.0,0.0,801.75,2,1.0
557445,0.0,0.0,801.75,2,1.0
557446,0.0,0.0,801.75,2,1.0
557447,0.0,0.0,801.75,2,1.0
557448,0.0,0.0,801.75,2,1.0
557449,0.0,0.0,801.75,2,1.0
557450,0.0,0.25,801.5,0,1.0
557451,0.0,0.25,801.25,1,1.0
557452,0.0,0.0,801.25,1,1.0
557453,0.0,0.0,801.25,1,1.0
557454,0.0,0.0,801.25,1,1.0
557455,0.0,0.0,801.25,1,1.0
557456,0.0,0.0,801.25,1,1.0
557457,-25.0,0.25,776.0,2,1.0
557458,0.0,0.0,776.0,2,1.0
557459,0.0,0.0,776.0,2,1.0
557460,0.0,0.0,776.0,2,1.0
557461,0.0,0.0,776.0,2,1.0
557462,0.0,0.25,775.75,1,1.0
557463,0.0,0.0,775.75,1,1.0
557464,-12.5,0.25,763.0,2,1.0
557465,0.0,0.0,763.0,2,1.0
557466,0.0,0.0,763.0,2,1.0
557467,0.0,0.0,763.0,2,1.0
557468,0.0,0.0,763.0,2,1.0
557469,0.0,0.0,763.0,2,1.0
557470,0.0,0.0,763.0,2,1.0
557471,0.0,0.0,763.0,2,1.0
557472,12.5,0.25,775.25,1,1.0
557473,0.0,0.0,775.25,1,1.0
557474,0.0,0.0,775.25,1,1.0
557475,0.0,0.0,775.25,1,1.0
557476,0.0,0.0,775.25,1,1.0
557477,0.0,0.25,775.0,0,1.0
557478,0.0,0.25,774.75,2,1.0
557479,0.0,0.0,774.75,2,1.0
557480,0.0,0.0,774.75,2,1.0
557481,0.0,0.0,774.75,2,1.0
557482,-12.5,0.25,762.0,1,1.0
557483,0.0,0.0,762.0,1,1.0
557484,0.0,0.0,762.0,1,1.0
557485,0.0,0.25,761.75,2,1.0
557486,0.0,0.25,761.5,0,1.0
557487,0.0,0.25,761.25,2,1.0
557488,-12.5,0.25,748.5,1,1.0
557489,0.0,0.0,748.5,1,1.0
557490,0.0,0.0,748.5,1,1.0
557491,0.0,0.0,748.5,1,1.0
557492,-12.5,0.25,735.75,2,1.0
557493,0.0,0.0,735.75,2,1.0
557494,0.0,0.0,735.75,2,1.0
557495,0.0,0.0,735.75,2,1.0
557496,0.0,0.0,735.75,2,1.0
557497,-12.5,0.25,723.0,1,1.0
557498,0.0,0.0,723.0,1,1.0
557499,0.0,0.0,723.0,1,1.0
557500,0.0,0.25,722.75,2,1.0
557501,0.0,0.0,722.75,2,1.0
557502,12.5,0.25,735.0,0,1.0
557503,0.0,0.25,734.75,2,1.0
557504,0.0,0.0,734.75,2,1.0
557505,0.0,0.0,734.75,2,1.0
557506,0.0,0.0,734.75,2,1.0
557507,0.0,0.0,734.75,2,1.0
557508,0.0,0.0,734.75,2,1.0
557509,0.0,0.0,734.75,2,1.0
557510,0.0,0.0,734.75,2,1.0
557511,12.5,0.25,747.0,1,1.0
557512,0.0,0.0,747.0,1,1.0
557513,0.0,0.0,747.0,1,1.0
557514,0.0,0.25,746.75,2,1.0
557515,0.0,0.0,746.75,2,1.0
557516,0.0,0.0,746.75,2,1.0
557517,0.0,0.0,746.75,2,1.0
557518,0.0,0.0,746.75,2,1.0
557519,0.0,0.0,746.75,2,1.0
557520,0.0,0.0,746.75,2,1.0
557521,0.0,0.0,746.75,2,1.0
557522,0.0,0.0,746.75,2,1.0
557523,0.0,0.0,746.75,2,1.0
557524,0.0,0.0,746.75,2,1.0
557525,50.0,0.25,796.5,1,1.0
557526,25.0,0.25,821.25,2,1.0
557527,0.0,0.0,821.25,2,1.0
557528,12.5,0.25,833.5,1,1.0
557529,0.0,0.0,833.5,1,1.0
557530,0.0,0.25,833.25,2,1.0
557531,0.0,0.0,833.25,2,1.0
557532,0.0,0.25,833.0,1,1.0
557533,0.0,0.0,833.0,1,1.0
557534,-25.0,0.25,807.75,2,1.0
557535,0.0,0.0,807.75,2,1.0
557536,0.0,0.0,807.75,2,1.0
557537,0.0,0.0,807.75,2,1.0
557538,0.0,0.0,807.75,2,1.0
557539,0.0,0.0,807.75,2,1.0
557540,0.0,0.0,807.75,2,1.0
557541,0.0,0.0,807.75,2,1.0
557542,0.0,0.0,807.75,2,1.0
557543,0.0,0.0,807.75,2,1.0
557544,0.0,0.0,807.75,2,1.0
557545,37.5,0.25,845.0,0,1.0
557546,0.0,0.25,844.75,2,1.0
557547,12.5,0.25,857.0,1,1.0
557548,0.0,0.0,857.0,1,1.0
557549,-12.5,0.25,844.25,2,1.0
557550,0.0,0.0,844.25,2,1.0
557551,0.0,0.0,844.25,2,1.0
557552,0.0,0.0,844.25,2,1.0
557553,50.0,0.25,894.0,0,1.0
557554,0.0,0.25,893.75,2,1.0
557555,0.0,0.0,893.75,2,1.0
557556,0.0,0.0,893.75,2,1.0
557557,0.0,0.0,893.75,2,1.0
557558,25.0,0.25,918.5,1,1.0
557559,0.0,0.25,918.25,2,1.0
557560,0.0,0.0,918.25,2,1.0
557561,0.0,0.0,918.25,2,1.0
557562,0.0,0.0,918.25,2,1.0
557563,-25.0,0.25,893.0,1,1.0
557564,0.0,0.0,893.0,1,1.0
557565,0.0,0.0,893.0,1,1.0
557566,12.5,0.25,905.25,2,1.0
557567,0.0,0.0,905.25,2,1.0
557568,12.5,0.25,917.5,1,1.0
557569,0.0,0.0,917.5,1,1.0
557570,37.5,0.25,954.75,2,1.0
557571,12.5,0.25,967.0,1,1.0
557572,0.0,0.0,967.0,1,1.0
557573,0.0,0.0,967.0,1,1.0
557574,-25.0,0.25,941.75,2,1.0
557575,0.0,0.0,941.75,2,1.0
557576,0.0,0.0,941.75,2,1.0
557577,0.0,0.0,941.75,2,1.0
557578,-25.0,0.25,916.5,1,1.0
557579,0.0,0.0,916.5,1,1.0
557580,-37.5,0.25,878.75,2,1.0
557581,0.0,0.0,878.75,2,1.0
557582,0.0,0.0,878.75,2,1.0
557583,0.0,0.0,878.75,2,1.0
557584,-12.5,0.25,866.0,1,1.0
557585,0.0,0.0,866.0,1,1.0
557586,-12.5,0.25,853.25,2,1.0
557587,0.0,0.0,853.25,2,1.0
557588,0.0,0.0,853.25,2,1.0
557589,0.0,0.0,853.25,2,1.0
557590,-12.5,0.25,840.5,1,1.0
557591,0.0,0.0,840.5,1,1.0
557592,0.0,0.0,840.5,1,1.0
557593,0.0,0.0,840.5,1,1.0
557594,0.0,0.0,840.5,1,1.0
557595,0.0,0.0,840.5,1,1.0
557596,0.0,0.0,840.5,1,1.0
557597,25.0,0.25,865.25,0,1.0
557598,0.0,0.0,865.25,0,1.0
557599,0.0,0.25,865.0,1,1.0
557600,0.0,0.0,865.0,1,1.0
557601,0.0,0.0,865.0,1,1.0
557602,0.0,0.0,865.0,1,1.0
557603,0.0,0.25,864.75,2,1.0
557604,0.0,0.0,864.75,2,1.0
557605,0.0,0.25,864.5,1,1.0
557606,0.0,0.0,864.5,1,1.0
557607,-62.5,0.25,801.75,2,1.0
557608,0.0,0.0,801.75,2,1.0
557609,0.0,0.0,801.75,2,1.0
557610,0.0,0.0,801.75,2,1.0
557611,0.0,0.0,801.75,2,1.0
557612,37.5,0.25,839.0,0,1.0
557613,0.0,0.25,838.75,2,1.0
557614,0.0,0.0,838.75,2,1.0
557615,25.0,0.25,863.5,1,1.0
557616,12.5,0.25,875.75,0,1.0
557617,0.0,0.25,875.5,2,1.0
557618,0.0,0.0,875.5,2,1.0
557619,0.0,0.0,875.5,2,1.0
557620,0.0,0.0,875.5,2,1.0
557621,0.0,0.0,875.5,2,1.0
557622,0.0,0.0,875.5,2,1.0
557623,0.0,0.0,875.5,2,1.0
557624,50.0,0.25,925.25,1,1.0
557625,12.5,0.25,937.5,2,1.0
557626,0.0,0.25,937.25,1,1.0
557627,0.0,0.0,937.25,1,1.0
557628,-12.5,0.25,924.5,2,1.0
557629,0.0,0.0,924.5,2,1.0
557630,0.0,0.0,924.5,2,1.0
557631,-25.0,0.25,899.25,0,1.0
557632,0.0,0.0,899.25,0,1.0
557633,0.0,0.25,899.0,1,1.0
557634,0.0,0.0,899.0,1,1.0
557635,0.0,0.0,899.0,1,1.0
557636,0.0,0.0,899.0,1,1.0
557637,0.0,0.0,899.0,1,1.0
557638,-50.0,0.25,848.75,2,1.0
557639,0.0,0.0,848.75,2,1.0
557640,0.0,0.0,848.75,2,1.0
557641,0.0,0.0,848.75,2,1.0
557642,-62.5,0.25,786.0,1,1.0
557643,0.0,0.0,786.0,1,1.0
557644,0.0,0.0,786.0,1,1.0
557645,-37.5,0.25,748.25,2,1.0
557646,0.0,0.0,748.25,2,1.0
557647,0.0,0.0,748.25,2,1.0
557648,0.0,0.0,748.25,2,1.0
557649,0.0,0.0,748.25,2,1.0
557650,0.0,0.0,748.25,2,1.0
557651,0.0,0.0,748.25,2,1.0
557652,0.0,0.0,748.25,2,1.0
557653,0.0,0.25,748.0,0,1.0
557654,0.0,0.25,747.75,2,1.0
557655,0.0,0.0,747.75,2,1.0
557656,50.0,0.25,797.5,1,1.0
557657,0.0,0.25,797.25,2,1.0
557658,0.0,0.0,797.25,2,1.0
557659,0.0,0.0,797.25,2,1.0
557660,0.0,0.0,797.25,2,1.0
557661,0.0,0.0,797.25,2,1.0
557662,0.0,0.0,797.25,2,1.0
557663,0.0,0.0,797.25,2,1.0
557664,0.0,0.25,797.0,1,1.0
557665,-12.5,0.25,784.25,0,1.0
557666,0.0,0.25,784.0,2,1.0
557667,0.0,0.0,784.0,2,1.0
557668,25.0,0.25,808.75,0,1.0
557669,0.0,0.0,808.75,0,1.0
557670,0.0,0.25,808.5,2,1.0
557671,0.0,0.0,808.5,2,1.0
557672,25.0,0.25,833.25,0,1.0
557673,0.0,0.25,833.0,2,1.0
557674,0.0,0.0,833.0,2,1.0
557675,0.0,0.0,833.0,2,1.0
557676,0.0,0.0,833.0,2,1.0
557677,0.0,0.0,833.0,2,1.0
557678,0.0,0.0,833.0,2,1.0
557679,0.0,0.0,833.0,2,1.0
557680,112.5,0.25,945.25,1,1.0
557681,0.0,0.0,945.25,1,1.0
557682,0.0,0.0,945.25,1,1.0
557683,-187.5,0.25,757.5,2,1.0
557684,0.0,0.0,757.5,2,1.0
557685,0.0,0.0,757.5,2,1.0
557686,-100.0,0.25,657.25,1,1.0
557687,37.5,0.25,694.5,2,1.0
557688,0.0,0.25,694.25,1,1.0
557689,0.0,0.0,694.25,1,1.0
557690,-37.5,0.25,656.5,2,1.0
557691,-25.0,0.25,631.25,1,1.0
557692,12.5,0.25,643.5,2,1.0
557693,0.0,0.25,643.25,0,1.0
557694,0.0,0.25,643.0,1,1.0
557695,0.0,0.0,643.0,1,1.0
557696,0.0,0.0,643.0,1,1.0
557697,0.0,0.0,643.0,1,1.0
557698,0.0,0.0,643.0,1,1.0
557699,37.5,0.25,680.25,2,1.0
557700,0.0,0.0,680.25,2,1.0
557701,0.0,0.25,680.0,0,1.0
557702,0.0,0.25,679.75,1,1.0
557703,0.0,0.0,679.75,1,1.0
557704,-12.5,0.25,667.0,2,1.0
557705,0.0,0.25,666.75,1,1.0
557706,12.5,0.25,679.0,2,1.0
557707,-12.5,0.25,666.25,1,1.0
557708,0.0,0.0,666.25,1,1.0
557709,0.0,0.0,666.25,1,1.0
557710,-12.5,0.25,653.5,0,1.0
557711,0.0,0.25,653.25,2,1.0
557712,0.0,0.0,653.25,2,1.0
557713,0.0,0.0,653.25,2,1.0
557714,0.0,0.0,653.25,2,1.0
557715,0.0,0.0,653.25,2,1.0
557716,0.0,0.0,653.25,2,1.0
557717,0.0,0.0,653.25,2,1.0
557718,0.0,0.0,653.25,2,1.0
557719,0.0,0.0,653.25,2,1.0
557720,0.0,0.0,653.25,2,1.0
557721,0.0,0.0,653.25,2,1.0
557722,125.0,0.25,778.0,1,1.0
557723,0.0,0.0,778.0,1,1.0
557724,-50.0,0.25,727.75,2,1.0
557725,0.0,0.0,727.75,2,1.0
557726,-37.5,0.25,690.0,0,1.0
557727,0.0,0.25,689.75,1,1.0
557728,0.0,0.0,689.75,1,1.0
557729,0.0,0.0,689.75,1,1.0
557730,25.0,0.25,714.5,2,1.0
557731,0.0,0.0,714.5,2,1.0
557732,0.0,0.25,714.25,1,1.0
557733,0.0,0.0,714.25,1,1.0
557734,0.0,0.0,714.25,1,1.0
557735,-50.0,0.25,664.0,2,1.0
557736,0.0,0.25,663.75,1,1.0
557737,-50.0,0.25,613.5,2,1.0
557738,0.0,0.0,613.5,2,1.0
557739,0.0,0.0,613.5,2,1.0
557740,0.0,0.0,613.5,2,1.0
557741,-112.5,0.25,500.75,1,1.0
557742,0.0,0.0,500.75,1,1.0
557743,0.0,0.0,500.75,1,1.0
557744,0.0,0.0,500.75,1,1.0
557745,0.0,0.0,500.75,1,1.0
557746,0.0,0.0,500.75,1,1.0
557747,0.0,0.0,500.75,1,1.0
557748,-12.5,0.25,488.0,2,1.0
557749,0.0,0.0,488.0,2,1.0
557750,0.0,0.0,488.0,2,1.0
557751,0.0,0.0,488.0,2,1.0
557752,0.0,0.0,488.0,2,1.0
557753,0.0,0.0,488.0,2,1.0
557754,0.0,0.0,488.0,2,1.0
557755,0.0,0.0,488.0,2,1.0
557756,0.0,0.0,488.0,2,1.0
557757,87.5,0.25,575.25,1,1.0
557758,-12.5,0.25,562.5,2,1.0
557759,0.0,0.0,562.5,2,1.0
557760,0.0,0.0,562.5,2,1.0
557761,0.0,0.0,562.5,2,1.0
557762,0.0,0.0,562.5,2,1.0
557763,0.0,0.0,562.5,2,1.0
557764,-25.0,0.25,537.25,1,1.0
557765,0.0,0.0,537.25,1,1.0
557766,0.0,0.0,537.25,1,1.0
557767,0.0,0.0,537.25,1,1.0
557768,0.0,0.0,537.25,1,1.0
557769,0.0,0.0,537.25,1,1.0
557770,0.0,0.0,537.25,1,1.0
557771,0.0,0.0,537.25,1,1.0
557772,0.0,0.0,537.25,1,1.0
557773,0.0,0.0,537.25,1,1.0
557774,0.0,0.0,537.25,1,1.0
557775,0.0,0.0,537.25,1,1.0
557776,0.0,0.0,537.25,1,1.0
557777,62.5,0.25,599.5,2,1.0
557778,0.0,0.0,599.5,2,1.0
557779,0.0,0.0,599.5,2,1.0
557780,0.0,0.0,599.5,2,1.0
557781,-25.0,0.25,574.25,1,1.0
557782,0.0,0.0,574.25,1,1.0
557783,0.0,0.0,574.25,1,1.0
557784,0.0,0.0,574.25,1,1.0
557785,0.0,0.0,574.25,1,1.0
557786,0.0,0.0,574.25,1,1.0
557787,0.0,0.0,574.25,1,1.0
557788,0.0,0.0,574.25,1,1.0
557789,0.0,0.0,574.25,1,1.0
557790,25.0,0.25,599.0,2,1.0
557791,0.0,0.0,599.0,2,1.0
557792,0.0,0.0,599.0,2,1.0
557793,0.0,0.0,599.0,2,1.0
557794,-37.5,0.25,561.25,1,1.0
557795,0.0,0.0,561.25,1,1.0
557796,0.0,0.0,561.25,1,1.0
557797,0.0,0.0,561.25,1,1.0
557798,0.0,0.0,561.25,1,1.0
557799,0.0,0.25,561.0,2,1.0
557800,0.0,0.0,561.0,2,1.0
557801,0.0,0.0,561.0,2,1.0
557802,0.0,0.0,561.0,2,1.0
557803,0.0,0.0,561.0,2,1.0
557804,0.0,0.0,561.0,2,1.0
557805,0.0,0.0,561.0,2,1.0
557806,0.0,0.0,561.0,2,1.0
557807,37.5,0.25,598.25,1,1.0
557808,-37.5,0.25,560.5,2,1.0
557809,0.0,0.0,560.5,2,1.0
557810,0.0,0.0,560.5,2,1.0
557811,0.0,0.0,560.5,2,1.0
557812,0.0,0.0,560.5,2,1.0
557813,0.0,0.0,560.5,2,1.0
557814,0.0,0.25,560.25,1,1.0
557815,0.0,0.0,560.25,1,1.0
557816,12.5,0.25,572.5,2,1.0
557817,0.0,0.25,572.25,0,1.0
557818,0.0,0.25,572.0,1,1.0
557819,0.0,0.0,572.0,1,1.0
557820,0.0,0.0,572.0,1,1.0
557821,-12.5,0.25,559.25,2,1.0
557822,0.0,0.0,559.25,2,1.0
557823,0.0,0.0,559.25,2,1.0
557824,-25.0,0.25,534.0,1,1.0
557825,0.0,0.0,534.0,1,1.0
557826,0.0,0.0,534.0,1,1.0
557827,0.0,0.0,534.0,1,1.0
557828,0.0,0.0,534.0,1,1.0
557829,0.0,0.0,534.0,1,1.0
557830,0.0,0.0,534.0,1,1.0
557831,-12.5,0.25,521.25,2,1.0
557832,0.0,0.0,521.25,2,1.0
557833,0.0,0.0,521.25,2,1.0
557834,0.0,0.0,521.25,2,1.0
557835,0.0,0.0,521.25,2,1.0
557836,0.0,0.0,521.25,2,1.0
557837,0.0,0.0,521.25,2,1.0
557838,87.5,0.25,608.5,1,1.0
557839,25.0,0.25,633.25,2,1.0
557840,0.0,0.0,633.25,2,1.0
557841,0.0,0.0,633.25,2,1.0
557842,0.0,0.0,633.25,2,1.0
557843,0.0,0.0,633.25,2,1.0
557844,0.0,0.0,633.25,2,1.0
557845,0.0,0.0,633.25,2,1.0
557846,0.0,0.0,633.25,2,1.0
557847,0.0,0.0,633.25,2,1.0
557848,0.0,0.0,633.25,2,1.0
557849,0.0,0.0,633.25,2,1.0
557850,0.0,0.0,633.25,2,1.0
557851,25.0,0.25,658.0,1,1.0
557852,0.0,0.0,658.0,1,1.0
557853,25.0,0.25,682.75,0,1.0
557854,0.0,0.25,682.5,1,1.0
557855,0.0,0.0,682.5,1,1.0
557856,0.0,0.0,682.5,1,1.0
557857,0.0,0.0,682.5,1,1.0
557858,-12.5,0.25,669.75,2,1.0
557859,0.0,0.0,669.75,2,1.0
557860,12.5,0.25,682.0,1,1.0
557861,0.0,0.0,682.0,1,1.0
557862,0.0,0.25,681.75,2,1.0
557863,0.0,0.0,681.75,2,1.0
557864,0.0,0.0,681.75,2,1.0
557865,0.0,0.0,681.75,2,1.0
557866,0.0,0.0,681.75,2,1.0
557867,0.0,0.0,681.75,2,1.0
557868,0.0,0.0,681.75,2,1.0
557869,125.0,0.25,806.5,1,1.0
557870,25.0,0.25,831.25,2,1.0
557871,0.0,0.0,831.25,2,1.0
557872,0.0,0.0,831.25,2,1.0
557873,-50.0,0.25,781.0,1,1.0
557874,0.0,0.0,781.0,1,1.0
557875,0.0,0.0,781.0,1,1.0
557876,0.0,0.0,781.0,1,1.0
557877,0.0,0.0,781.0,1,1.0
557878,0.0,0.0,781.0,1,1.0
557879,0.0,0.0,781.0,1,1.0
557880,0.0,0.0,781.0,1,1.0
557881,0.0,0.0,781.0,1,1.0
557882,0.0,0.0,781.0,1,1.0
557883,37.5,0.25,818.25,0,1.0
557884,0.0,0.25,818.0,1,1.0
557885,12.5,0.25,830.25,2,1.0
557886,0.0,0.0,830.25,2,1.0
557887,12.5,0.25,842.5,1,1.0
557888,0.0,0.0,842.5,1,1.0
557889,0.0,0.0,842.5,1,1.0
557890,25.0,0.25,867.25,2,1.0
557891,37.5,0.25,904.5,1,1.0
557892,0.0,0.0,904.5,1,1.0
557893,-25.0,0.25,879.25,2,1.0
557894,0.0,0.0,879.25,2,1.0
557895,-25.0,0.25,854.0,1,1.0
557896,-12.5,0.25,841.25,2,1.0
557897,0.0,0.0,841.25,2,1.0
557898,0.0,0.25,841.0,0,1.0
557899,0.0,0.25,840.75,2,1.0
557900,0.0,0.0,840.75,2,1.0
557901,-25.0,0.25,815.5,1,1.0
557902,0.0,0.0,815.5,1,1.0
557903,0.0,0.0,815.5,1,1.0
557904,-12.5,0.25,802.75,0,1.0
557905,0.0,0.25,802.5,2,1.0
557906,0.0,0.0,802.5,2,1.0
557907,0.0,0.0,802.5,2,1.0
557908,0.0,0.0,802.5,2,1.0
557909,0.0,0.0,802.5,2,1.0
557910,0.0,0.0,802.5,2,1.0
557911,0.0,0.0,802.5,2,1.0
557912,0.0,0.25,802.25,1,1.0
557913,0.0,0.0,802.25,1,1.0
557914,75.0,0.25,877.0,2,1.0
557915,0.0,0.0,877.0,2,1.0
557916,-12.5,0.25,864.25,1,1.0
557917,0.0,0.0,864.25,1,1.0
557918,0.0,0.0,864.25,1,1.0
557919,0.0,0.0,864.25,1,1.0
557920,0.0,0.0,864.25,1,1.0
557921,0.0,0.0,864.25,1,1.0
557922,0.0,0.0,864.25,1,1.0
557923,0.0,0.0,864.25,1,1.0
557924,50.0,0.25,914.0,2,1.0
557925,-25.0,0.25,888.75,1,1.0
557926,0.0,0.0,888.75,1,1.0
557927,0.0,0.0,888.75,1,1.0
557928,0.0,0.0,888.75,1,1.0
557929,0.0,0.0,888.75,1,1.0
557930,-12.5,0.25,876.0,2,1.0
557931,0.0,0.0,876.0,2,1.0
557932,0.0,0.0,876.0,2,1.0
557933,0.0,0.0,876.0,2,1.0
557934,0.0,0.0,876.0,2,1.0
557935,0.0,0.0,876.0,2,1.0
557936,0.0,0.25,875.75,1,1.0
557937,0.0,0.0,875.75,1,1.0
557938,0.0,0.0,875.75,1,1.0
557939,112.5,0.25,988.0,0,1.0
557940,0.0,0.25,987.75,1,1.0
557941,0.0,0.0,987.75,1,1.0
557942,0.0,0.0,987.75,1,1.0
557943,-50.0,0.25,937.5,2,1.0
557944,0.0,0.0,937.5,2,1.0
557945,-37.5,0.25,899.75,1,1.0
557946,0.0,0.0,899.75,1,1.0
557947,0.0,0.0,899.75,1,1.0
557948,0.0,0.0,899.75,1,1.0
557949,25.0,0.25,924.5,2,1.0
557950,0.0,0.0,924.5,2,1.0
557951,12.5,0.25,936.75,1,1.0
557952,0.0,0.0,936.75,1,1.0
557953,0.0,0.0,936.75,1,1.0
557954,0.0,0.0,936.75,1,1.0
557955,0.0,0.0,936.75,1,1.0
557956,0.0,0.0,936.75,1,1.0
557957,-25.0,0.25,911.5,2,1.0
557958,0.0,0.0,911.5,2,1.0
557959,0.0,0.0,911.5,2,1.0
557960,37.5,0.25,948.75,1,1.0
557961,0.0,0.25,948.5,2,1.0
557962,0.0,0.25,948.25,1,1.0
557963,0.0,0.0,948.25,1,1.0
557964,0.0,0.0,948.25,1,1.0
557965,0.0,0.0,948.25,1,1.0
557966,0.0,0.0,948.25,1,1.0
557967,0.0,0.0,948.25,1,1.0
557968,25.0,0.25,973.0,2,1.0
557969,12.5,0.25,985.25,1,1.0
557970,0.0,0.0,985.25,1,1.0
557971,0.0,0.0,985.25,1,1.0
557972,0.0,0.0,985.25,1,1.0
557973,0.0,0.0,985.25,1,1.0
557974,0.0,0.0,985.25,1,1.0
557975,37.5,0.25,1022.5,2,1.0
557976,0.0,0.0,1022.5,2,1.0
557977,0.0,0.0,1022.5,2,1.0
557978,75.0,0.25,1097.25,1,1.0
557979,0.0,0.25,1097.0,2,1.0
557980,0.0,0.0,1097.0,2,1.0
557981,12.5,0.25,1109.25,1,1.0
557982,0.0,0.0,1109.25,1,1.0
557983,25.0,0.25,1134.0,2,1.0
557984,-50.0,0.25,1083.75,1,1.0
557985,0.0,0.0,1083.75,1,1.0
557986,0.0,0.0,1083.75,1,1.0
557987,0.0,0.0,1083.75,1,1.0
557988,0.0,0.0,1083.75,1,1.0
557989,0.0,0.0,1083.75,1,1.0
557990,0.0,0.25,1083.5,0,1.0
557991,0.0,0.25,1083.25,1,1.0
557992,-37.5,0.25,1045.5,2,1.0
557993,-12.5,0.25,1032.75,1,1.0
557994,12.5,0.25,1045.0,2,1.0
557995,25.0,0.25,1069.75,0,1.0
557996,0.0,0.25,1069.5,2,1.0
557997,0.0,0.0,1069.5,2,1.0
557998,0.0,0.0,1069.5,2,1.0
557999,0.0,0.0,1069.5,2,1.0
558000,125.0,0.25,1194.25,1,1.0
558001,0.0,0.0,1194.25,1,1.0
558002,0.0,0.0,1194.25,1,1.0
558003,87.5,0.25,1281.5,0,1.0
558004,0.0,0.25,1281.25,1,1.0
558005,0.0,0.0,1281.25,1,1.0
558006,0.0,0.0,1281.25,1,1.0
558007,0.0,0.0,1281.25,1,1.0
558008,0.0,0.0,1281.25,1,1.0
558009,0.0,0.0,1281.25,1,1.0
558010,0.0,0.0,1281.25,1,1.0
558011,0.0,0.0,1281.25,1,1.0
558012,0.0,0.0,1281.25,1,1.0
558013,0.0,0.0,1281.25,1,1.0
558014,0.0,0.0,1281.25,1,1.0
558015,-300.0,0.25,981.0,0,1.0
558016,0.0,0.25,980.75,1,1.0
558017,0.0,0.0,980.75,1,1.0
558018,0.0,0.0,980.75,1,1.0
558019,0.0,0.0,980.75,1,1.0
558020,0.0,0.0,980.75,1,1.0
558021,0.0,0.0,980.75,1,1.0
558022,0.0,0.0,980.75,1,1.0
558023,0.0,0.0,980.75,1,1.0
558024,0.0,0.0,980.75,1,1.0
558025,0.0,0.0,980.75,1,1.0
558026,0.0,0.0,980.75,1,1.0
558027,0.0,0.0,980.75,1,1.0
558028,0.0,0.0,980.75,1,1.0
558029,0.0,0.0,980.75,1,1.0
558030,50.0,0.25,1030.5,0,1.0
558031,0.0,0.25,1030.25,1,1.0
558032,0.0,0.0,1030.25,1,1.0
558033,0.0,0.0,1030.25,1,1.0
558034,0.0,0.0,1030.25,1,1.0
558035,0.0,0.0,1030.25,1,1.0
558036,0.0,0.0,1030.25,1,1.0
558037,0.0,0.0,1030.25,1,1.0
558038,0.0,0.0,1030.25,1,1.0
558039,0.0,0.0,1030.25,1,1.0
558040,0.0,0.0,1030.25,1,1.0
558041,0.0,0.0,1030.25,1,1.0
558042,0.0,0.0,1030.25,1,1.0
558043,0.0,0.0,1030.25,1,1.0
558044,0.0,0.0,1030.25,1,1.0
558045,0.0,0.0,1030.25,1,1.0
558046,0.0,0.0,1030.25,1,1.0
558047,0.0,0.0,1030.25,1,1.0
558048,0.0,0.0,1030.25,1,1.0
558049,0.0,0.0,1030.25,1,1.0
558050,0.0,0.0,1030.25,1,1.0
558051,0.0,0.0,1030.25,1,1.0
558052,0.0,0.0,1030.25,1,1.0
558053,0.0,0.0,1030.25,1,1.0
558054,0.0,0.0,1030.25,1,1.0
558055,0.0,0.25,1030.0,2,1.0
558056,-25.0,0.25,1004.75,1,1.0
558057,0.0,0.0,1004.75,1,1.0
558058,0.0,0.0,1004.75,1,1.0
558059,0.0,0.0,1004.75,1,1.0
558060,0.0,0.0,1004.75,1,1.0
558061,0.0,0.0,1004.75,1,1.0
558062,0.0,0.0,1004.75,1,1.0
558063,12.5,0.25,1017.0,2,1.0
558064,0.0,0.25,1016.75,0,1.0
558065,0.0,0.25,1016.5,1,1.0
558066,0.0,0.0,1016.5,1,1.0
558067,0.0,0.0,1016.5,1,1.0
558068,0.0,0.0,1016.5,1,1.0
558069,0.0,0.0,1016.5,1,1.0
558070,0.0,0.0,1016.5,1,1.0
558071,0.0,0.0,1016.5,1,1.0
558072,0.0,0.0,1016.5,1,1.0
558073,0.0,0.0,1016.5,1,1.0
558074,0.0,0.0,1016.5,1,1.0
558075,0.0,0.0,1016.5,1,1.0
558076,0.0,0.0,1016.5,1,1.0
558077,0.0,0.0,1016.5,1,1.0
558078,0.0,0.0,1016.5,1,1.0
558079,0.0,0.0,1016.5,1,1.0
558080,0.0,0.0,1016.5,1,1.0
558081,0.0,0.0,1016.5,1,1.0
558082,0.0,0.0,1016.5,1,1.0
558083,0.0,0.0,1016.5,1,1.0
558084,0.0,0.0,1016.5,1,1.0
558085,0.0,0.0,1016.5,1,1.0
558086,0.0,0.0,1016.5,1,1.0
558087,0.0,0.0,1016.5,1,1.0
558088,0.0,0.0,1016.5,1,1.0
558089,0.0,0.0,1016.5,1,1.0
558090,0.0,0.0,1016.5,1,1.0
558091,0.0,0.0,1016.5,1,1.0
558092,0.0,0.0,1016.5,1,1.0
558093,0.0,0.0,1016.5,1,1.0
558094,0.0,0.0,1016.5,1,1.0
558095,0.0,0.0,1016.5,1,1.0
558096,0.0,0.0,1016.5,1,1.0
558097,0.0,0.0,1016.5,1,1.0
558098,0.0,0.0,1016.5,1,1.0
558099,0.0,0.0,1016.5,1,1.0
558100,0.0,0.0,1016.5,1,1.0
558101,0.0,0.0,1016.5,1,1.0
558102,0.0,0.0,1016.5,1,1.0
558103,0.0,0.0,1016.5,1,1.0
558104,0.0,0.0,1016.5,1,1.0
558105,0.0,0.0,1016.5,1,1.0
558106,0.0,0.0,1016.5,1,1.0
558107,0.0,0.0,1016.5,1,1.0
558108,0.0,0.0,1016.5,1,1.0
558109,0.0,0.0,1016.5,1,1.0
558110,0.0,0.0,1016.5,1,1.0
558111,0.0,0.0,1016.5,1,1.0
558112,0.0,0.0,1016.5,1,1.0
558113,0.0,0.0,1016.5,1,1.0
558114,0.0,0.0,1016.5,1,1.0
558115,0.0,0.0,1016.5,1,1.0
558116,0.0,0.0,1016.5,1,1.0
558117,0.0,0.0,1016.5,1,1.0
558118,0.0,0.0,1016.5,1,1.0
558119,0.0,0.0,1016.5,1,1.0
558120,0.0,0.0,1016.5,1,1.0
558121,0.0,0.0,1016.5,1,1.0
558122,0.0,0.0,1016.5,1,1.0
558123,12.5,0.25,1028.75,0,1.0
558124,0.0,0.25,1028.5,1,1.0
558125,0.0,0.0,1028.5,1,1.0
558126,0.0,0.0,1028.5,1,1.0
558127,0.0,0.0,1028.5,1,1.0
558128,0.0,0.0,1028.5,1,1.0
558129,0.0,0.0,1028.5,1,1.0
558130,0.0,0.0,1028.5,1,1.0
558131,25.0,0.25,1053.25,2,1.0
558132,-37.5,0.25,1015.5,1,1.0
558133,0.0,0.0,1015.5,1,1.0
558134,0.0,0.0,1015.5,1,1.0
558135,0.0,0.0,1015.5,1,1.0
558136,0.0,0.0,1015.5,1,1.0
558137,0.0,0.0,1015.5,1,1.0
558138,0.0,0.0,1015.5,1,1.0
558139,0.0,0.0,1015.5,1,1.0
558140,0.0,0.0,1015.5,1,1.0
558141,0.0,0.0,1015.5,1,1.0
558142,0.0,0.0,1015.5,1,1.0
558143,0.0,0.0,1015.5,1,1.0
558144,0.0,0.0,1015.5,1,1.0
558145,0.0,0.0,1015.5,1,1.0
558146,0.0,0.0,1015.5,1,1.0
558147,0.0,0.0,1015.5,1,1.0
558148,0.0,0.0,1015.5,1,1.0
558149,0.0,0.0,1015.5,1,1.0
558150,50.0,0.25,1065.25,2,1.0
558151,25.0,0.25,1090.0,1,1.0
558152,0.0,0.0,1090.0,1,1.0
558153,0.0,0.0,1090.0,1,1.0
558154,0.0,0.0,1090.0,1,1.0
558155,0.0,0.0,1090.0,1,1.0
558156,0.0,0.0,1090.0,1,1.0
558157,0.0,0.0,1090.0,1,1.0
558158,0.0,0.0,1090.0,1,1.0
558159,0.0,0.0,1090.0,1,1.0
558160,0.0,0.0,1090.0,1,1.0
558161,0.0,0.0,1090.0,1,1.0
558162,0.0,0.0,1090.0,1,1.0
558163,0.0,0.0,1090.0,1,1.0
558164,0.0,0.0,1090.0,1,1.0
558165,0.0,0.0,1090.0,1,1.0
558166,0.0,0.0,1090.0,1,1.0
558167,0.0,0.0,1090.0,1,1.0
558168,0.0,0.0,1090.0,1,1.0
558169,0.0,0.0,1090.0,1,1.0
558170,0.0,0.0,1090.0,1,1.0
558171,0.0,0.0,1090.0,1,1.0
558172,0.0,0.0,1090.0,1,1.0
558173,0.0,0.0,1090.0,1,1.0
558174,0.0,0.0,1090.0,1,1.0
558175,0.0,0.0,1090.0,1,1.0
558176,0.0,0.0,1090.0,1,1.0
558177,-25.0,0.25,1064.75,0,1.0
558178,0.0,0.25,1064.5,1,1.0
558179,12.5,0.25,1076.75,0,1.0
558180,0.0,0.25,1076.5,1,1.0
558181,0.0,0.0,1076.5,1,1.0
558182,0.0,0.0,1076.5,1,1.0
558183,0.0,0.25,1076.25,2,1.0
558184,12.5,0.25,1088.5,1,1.0
558185,0.0,0.0,1088.5,1,1.0
558186,0.0,0.0,1088.5,1,1.0
558187,0.0,0.0,1088.5,1,1.0
558188,0.0,0.0,1088.5,1,1.0
558189,0.0,0.0,1088.5,1,1.0
558190,0.0,0.0,1088.5,1,1.0
558191,0.0,0.0,1088.5,1,1.0
558192,0.0,0.0,1088.5,1,1.0
558193,-50.0,0.25,1038.25,2,1.0
558194,0.0,0.25,1038.0,1,1.0
558195,0.0,0.0,1038.0,1,1.0
558196,0.0,0.0,1038.0,1,1.0
558197,0.0,0.0,1038.0,1,1.0
558198,0.0,0.0,1038.0,1,1.0
558199,25.0,0.25,1062.75,0,1.0
558200,0.0,0.25,1062.5,1,1.0
558201,0.0,0.0,1062.5,1,1.0
558202,0.0,0.0,1062.5,1,1.0
558203,0.0,0.0,1062.5,1,1.0
558204,0.0,0.0,1062.5,1,1.0
558205,0.0,0.0,1062.5,1,1.0
558206,0.0,0.0,1062.5,1,1.0
558207,0.0,0.0,1062.5,1,1.0
558208,0.0,0.0,1062.5,1,1.0
558209,0.0,0.0,1062.5,1,1.0
558210,0.0,0.0,1062.5,1,1.0
558211,0.0,0.0,1062.5,1,1.0
558212,0.0,0.0,1062.5,1,1.0
558213,0.0,0.0,1062.5,1,1.0
558214,0.0,0.0,1062.5,1,1.0
558215,0.0,0.0,1062.5,1,1.0
558216,0.0,0.0,1062.5,1,1.0
558217,0.0,0.0,1062.5,1,1.0
558218,0.0,0.0,1062.5,1,1.0
558219,0.0,0.0,1062.5,1,1.0
558220,0.0,0.0,1062.5,1,1.0
558221,0.0,0.0,1062.5,1,1.0
558222,0.0,0.0,1062.5,1,1.0
558223,0.0,0.0,1062.5,1,1.0
558224,0.0,0.0,1062.5,1,1.0
558225,0.0,0.0,1062.5,1,1.0
558226,0.0,0.0,1062.5,1,1.0
558227,0.0,0.0,1062.5,1,1.0
558228,0.0,0.0,1062.5,1,1.0
558229,0.0,0.0,1062.5,1,1.0
558230,0.0,0.0,1062.5,1,1.0
558231,0.0,0.0,1062.5,1,1.0
558232,0.0,0.0,1062.5,1,1.0
558233,0.0,0.0,1062.5,1,1.0
558234,0.0,0.0,1062.5,1,1.0
558235,0.0,0.0,1062.5,1,1.0
558236,0.0,0.0,1062.5,1,1.0
558237,0.0,0.0,1062.5,1,1.0
558238,0.0,0.0,1062.5,1,1.0
558239,0.0,0.0,1062.5,1,1.0
558240,0.0,0.0,1062.5,1,1.0
558241,0.0,0.0,1062.5,1,1.0
558242,0.0,0.0,1062.5,1,1.0
558243,0.0,0.0,1062.5,1,1.0
558244,0.0,0.0,1062.5,1,1.0
558245,0.0,0.0,1062.5,1,1.0
558246,0.0,0.0,1062.5,1,1.0
558247,0.0,0.0,1062.5,1,1.0
558248,0.0,0.0,1062.5,1,1.0
558249,0.0,0.0,1062.5,1,1.0
558250,0.0,0.0,1062.5,1,1.0
558251,0.0,0.0,1062.5,1,1.0
558252,0.0,0.0,1062.5,1,1.0
558253,0.0,0.0,1062.5,1,1.0
558254,0.0,0.0,1062.5,1,1.0
558255,0.0,0.0,1062.5,1,1.0
558256,0.0,0.0,1062.5,1,1.0
558257,0.0,0.0,1062.5,1,1.0
558258,0.0,0.0,1062.5,1,1.0
558259,-12.5,0.25,1049.75,2,1.0
558260,12.5,0.25,1062.0,1,1.0
558261,0.0,0.0,1062.0,1,1.0
558262,0.0,0.0,1062.0,1,1.0
558263,0.0,0.0,1062.0,1,1.0
558264,0.0,0.0,1062.0,1,1.0
558265,0.0,0.0,1062.0,1,1.0
558266,0.0,0.0,1062.0,1,1.0
558267,0.0,0.0,1062.0,1,1.0
558268,0.0,0.0,1062.0,1,1.0
558269,0.0,0.0,1062.0,1,1.0
558270,0.0,0.0,1062.0,1,1.0
558271,0.0,0.0,1062.0,1,1.0
558272,0.0,0.0,1062.0,1,1.0
558273,0.0,0.0,1062.0,1,1.0
558274,0.0,0.0,1062.0,1,1.0
558275,0.0,0.0,1062.0,1,1.0
558276,0.0,0.0,1062.0,1,1.0
558277,0.0,0.0,1062.0,1,1.0
558278,0.0,0.0,1062.0,1,1.0
558279,0.0,0.0,1062.0,1,1.0
558280,0.0,0.0,1062.0,1,1.0
558281,0.0,0.0,1062.0,1,1.0
558282,0.0,0.0,1062.0,1,1.0
558283,0.0,0.0,1062.0,1,1.0
558284,0.0,0.0,1062.0,1,1.0
558285,0.0,0.0,1062.0,1,1.0
558286,0.0,0.0,1062.0,1,1.0
558287,0.0,0.0,1062.0,1,1.0
558288,0.0,0.0,1062.0,1,1.0
558289,0.0,0.0,1062.0,1,1.0
558290,0.0,0.0,1062.0,1,1.0
558291,0.0,0.0,1062.0,1,1.0
558292,0.0,0.0,1062.0,1,1.0
558293,0.0,0.0,1062.0,1,1.0
558294,-25.0,0.25,1036.75,0,1.0
558295,0.0,0.25,1036.5,1,1.0
558296,0.0,0.0,1036.5,1,1.0
558297,0.0,0.0,1036.5,1,1.0
558298,0.0,0.0,1036.5,1,1.0
558299,0.0,0.0,1036.5,1,1.0
558300,0.0,0.0,1036.5,1,1.0
558301,0.0,0.0,1036.5,1,1.0
558302,0.0,0.0,1036.5,1,1.0
558303,0.0,0.0,1036.5,1,1.0
558304,0.0,0.0,1036.5,1,1.0
558305,0.0,0.0,1036.5,1,1.0
558306,0.0,0.0,1036.5,1,1.0
558307,0.0,0.0,1036.5,1,1.0
558308,0.0,0.0,1036.5,1,1.0
558309,0.0,0.0,1036.5,1,1.0
558310,37.5,0.25,1073.75,0,1.0
558311,0.0,0.25,1073.5,1,1.0
558312,0.0,0.0,1073.5,1,1.0
558313,0.0,0.0,1073.5,1,1.0
558314,0.0,0.0,1073.5,1,1.0
558315,0.0,0.0,1073.5,1,1.0
558316,0.0,0.0,1073.5,1,1.0
558317,0.0,0.0,1073.5,1,1.0
558318,0.0,0.0,1073.5,1,1.0
558319,0.0,0.0,1073.5,1,1.0
558320,0.0,0.0,1073.5,1,1.0
558321,0.0,0.0,1073.5,1,1.0
558322,0.0,0.0,1073.5,1,1.0
558323,0.0,0.0,1073.5,1,1.0
558324,0.0,0.0,1073.5,1,1.0
558325,0.0,0.0,1073.5,1,1.0
558326,0.0,0.0,1073.5,1,1.0
558327,0.0,0.0,1073.5,1,1.0
558328,0.0,0.0,1073.5,1,1.0
558329,0.0,0.0,1073.5,1,1.0
558330,0.0,0.0,1073.5,1,1.0
558331,0.0,0.0,1073.5,1,1.0
558332,0.0,0.0,1073.5,1,1.0
558333,12.5,0.25,1085.75,2,1.0
558334,-25.0,0.25,1060.5,1,1.0
558335,12.5,0.25,1072.75,2,1.0
558336,37.5,0.25,1110.0,1,1.0
558337,0.0,0.0,1110.0,1,1.0
558338,0.0,0.0,1110.0,1,1.0
558339,0.0,0.0,1110.0,1,1.0
558340,0.0,0.0,1110.0,1,1.0
558341,0.0,0.0,1110.0,1,1.0
558342,0.0,0.0,1110.0,1,1.0
558343,0.0,0.0,1110.0,1,1.0
558344,0.0,0.0,1110.0,1,1.0
558345,0.0,0.0,1110.0,1,1.0
558346,0.0,0.0,1110.0,1,1.0
558347,0.0,0.0,1110.0,1,1.0
558348,0.0,0.0,1110.0,1,1.0
558349,0.0,0.0,1110.0,1,1.0
558350,0.0,0.0,1110.0,1,1.0
558351,0.0,0.0,1110.0,1,1.0
558352,0.0,0.0,1110.0,1,1.0
558353,0.0,0.0,1110.0,1,1.0
558354,0.0,0.0,1110.0,1,1.0
558355,0.0,0.0,1110.0,1,1.0
558356,0.0,0.0,1110.0,1,1.0
558357,0.0,0.0,1110.0,1,1.0
558358,0.0,0.0,1110.0,1,1.0
558359,0.0,0.0,1110.0,1,1.0
558360,0.0,0.0,1110.0,1,1.0
558361,0.0,0.0,1110.0,1,1.0
558362,0.0,0.0,1110.0,1,1.0
558363,0.0,0.0,1110.0,1,1.0
558364,0.0,0.0,1110.0,1,1.0
558365,0.0,0.0,1110.0,1,1.0
558366,0.0,0.0,1110.0,1,1.0
558367,0.0,0.0,1110.0,1,1.0
558368,0.0,0.0,1110.0,1,1.0
558369,0.0,0.0,1110.0,1,1.0
558370,0.0,0.0,1110.0,1,1.0
558371,0.0,0.0,1110.0,1,1.0
558372,0.0,0.0,1110.0,1,1.0
558373,0.0,0.0,1110.0,1,1.0
558374,0.0,0.0,1110.0,1,1.0
558375,0.0,0.0,1110.0,1,1.0
558376,0.0,0.0,1110.0,1,1.0
558377,0.0,0.0,1110.0,1,1.0
558378,0.0,0.0,1110.0,1,1.0
558379,0.0,0.0,1110.0,1,1.0
558380,0.0,0.0,1110.0,1,1.0
558381,0.0,0.0,1110.0,1,1.0
558382,0.0,0.0,1110.0,1,1.0
558383,0.0,0.0,1110.0,1,1.0
558384,0.0,0.0,1110.0,1,1.0
558385,0.0,0.0,1110.0,1,1.0
558386,0.0,0.0,1110.0,1,1.0
558387,0.0,0.0,1110.0,1,1.0
558388,0.0,0.0,1110.0,1,1.0
558389,0.0,0.0,1110.0,1,1.0
558390,0.0,0.0,1110.0,1,1.0
558391,0.0,0.0,1110.0,1,1.0
558392,0.0,0.0,1110.0,1,1.0
558393,0.0,0.0,1110.0,1,1.0
558394,0.0,0.0,1110.0,1,1.0
558395,0.0,0.0,1110.0,1,1.0
558396,0.0,0.0,1110.0,1,1.0
558397,0.0,0.0,1110.0,1,1.0
558398,0.0,0.0,1110.0,1,1.0
558399,0.0,0.0,1110.0,1,1.0
558400,0.0,0.0,1110.0,1,1.0
558401,0.0,0.0,1110.0,1,1.0
558402,0.0,0.0,1110.0,1,1.0
558403,0.0,0.0,1110.0,1,1.0
558404,0.0,0.0,1110.0,1,1.0
558405,-150.0,0.25,959.75,0,1.0
558406,0.0,0.25,959.5,1,1.0
558407,0.0,0.0,959.5,1,1.0
558408,0.0,0.0,959.5,1,1.0
558409,0.0,0.0,959.5,1,1.0
558410,0.0,0.25,959.25,2,1.0
558411,0.0,0.25,959.0,0,1.0
558412,0.0,0.25,958.75,1,1.0
558413,0.0,0.0,958.75,1,1.0
558414,0.0,0.0,958.75,1,1.0
558415,0.0,0.0,958.75,1,1.0
558416,0.0,0.0,958.75,1,1.0
558417,0.0,0.0,958.75,1,1.0
558418,0.0,0.0,958.75,1,1.0
558419,0.0,0.0,958.75,1,1.0
558420,0.0,0.0,958.75,1,1.0
558421,0.0,0.0,958.75,1,1.0
558422,0.0,0.0,958.75,1,1.0
558423,0.0,0.0,958.75,1,1.0
558424,0.0,0.0,958.75,1,1.0
558425,0.0,0.0,958.75,1,1.0
558426,0.0,0.0,958.75,1,1.0
558427,0.0,0.0,958.75,1,1.0
558428,0.0,0.0,958.75,1,1.0
558429,0.0,0.0,958.75,1,1.0
558430,0.0,0.0,958.75,1,1.0
558431,0.0,0.0,958.75,1,1.0
558432,0.0,0.0,958.75,1,1.0
558433,0.0,0.0,958.75,1,1.0
558434,0.0,0.0,958.75,1,1.0
558435,0.0,0.0,958.75,1,1.0
558436,0.0,0.0,958.75,1,1.0
558437,62.5,0.25,1021.0,2,1.0
558438,0.0,0.0,1021.0,2,1.0
558439,0.0,0.0,1021.0,2,1.0
558440,-50.0,0.25,970.75,1,1.0
558441,0.0,0.0,970.75,1,1.0
558442,0.0,0.0,970.75,1,1.0
558443,0.0,0.0,970.75,1,1.0
558444,0.0,0.25,970.5,2,1.0
558445,0.0,0.0,970.5,2,1.0
558446,25.0,0.25,995.25,1,1.0
558447,-12.5,0.25,982.5,2,1.0
558448,0.0,0.0,982.5,2,1.0
558449,0.0,0.0,982.5,2,1.0
558450,0.0,0.0,982.5,2,1.0
558451,0.0,0.0,982.5,2,1.0
558452,0.0,0.0,982.5,2,1.0
558453,0.0,0.0,982.5,2,1.0
558454,37.5,0.25,1019.75,0,1.0
558455,0.0,0.25,1019.5,2,1.0
558456,0.0,0.0,1019.5,2,1.0
558457,0.0,0.0,1019.5,2,1.0
558458,0.0,0.0,1019.5,2,1.0
558459,0.0,0.0,1019.5,2,1.0
558460,0.0,0.0,1019.5,2,1.0
558461,0.0,0.0,1019.5,2,1.0
558462,0.0,0.0,1019.5,2,1.0
558463,0.0,0.0,1019.5,2,1.0
558464,0.0,0.0,1019.5,2,1.0
558465,0.0,0.0,1019.5,2,1.0
558466,25.0,0.25,1044.25,1,1.0
558467,0.0,0.25,1044.0,2,1.0
558468,0.0,0.0,1044.0,2,1.0
558469,0.0,0.0,1044.0,2,1.0
558470,0.0,0.0,1044.0,2,1.0
558471,-12.5,0.25,1031.25,1,1.0
558472,0.0,0.0,1031.25,1,1.0
558473,0.0,0.0,1031.25,1,1.0
558474,0.0,0.25,1031.0,2,1.0
558475,0.0,0.0,1031.0,2,1.0
558476,0.0,0.0,1031.0,2,1.0
558477,-25.0,0.25,1005.75,1,1.0
558478,0.0,0.0,1005.75,1,1.0
558479,0.0,0.0,1005.75,1,1.0
558480,0.0,0.0,1005.75,1,1.0
558481,-12.5,0.25,993.0,2,1.0
558482,0.0,0.0,993.0,2,1.0
558483,0.0,0.0,993.0,2,1.0
558484,0.0,0.0,993.0,2,1.0
558485,0.0,0.0,993.0,2,1.0
558486,-12.5,0.25,980.25,1,1.0
558487,0.0,0.0,980.25,1,1.0
558488,0.0,0.0,980.25,1,1.0
558489,-25.0,0.25,955.0,2,1.0
558490,0.0,0.0,955.0,2,1.0
558491,0.0,0.25,954.75,1,1.0
558492,12.5,0.25,967.0,2,1.0
558493,-12.5,0.25,954.25,1,1.0
558494,0.0,0.0,954.25,1,1.0
558495,0.0,0.0,954.25,1,1.0
558496,0.0,0.0,954.25,1,1.0
558497,-25.0,0.25,929.0,0,1.0
558498,0.0,0.25,928.75,2,1.0
558499,0.0,0.0,928.75,2,1.0
558500,0.0,0.0,928.75,2,1.0
558501,-25.0,0.25,903.5,1,1.0
558502,0.0,0.0,903.5,1,1.0
558503,0.0,0.0,903.5,1,1.0
558504,0.0,0.0,903.5,1,1.0
558505,-12.5,0.25,890.75,2,1.0
558506,0.0,0.0,890.75,2,1.0
558507,0.0,0.0,890.75,2,1.0
558508,0.0,0.0,890.75,2,1.0
558509,0.0,0.0,890.75,2,1.0
558510,0.0,0.0,890.75,2,1.0
558511,0.0,0.25,890.5,1,1.0
558512,0.0,0.0,890.5,1,1.0
558513,0.0,0.0,890.5,1,1.0
558514,0.0,0.0,890.5,1,1.0
558515,0.0,0.0,890.5,1,1.0
558516,0.0,0.25,890.25,2,1.0
558517,0.0,0.0,890.25,2,1.0
558518,0.0,0.0,890.25,2,1.0
558519,-12.5,0.25,877.5,1,1.0
558520,0.0,0.0,877.5,1,1.0
558521,0.0,0.0,877.5,1,1.0
558522,0.0,0.0,877.5,1,1.0
558523,-12.5,0.25,864.75,2,1.0
558524,-12.5,0.25,852.0,1,1.0
558525,0.0,0.0,852.0,1,1.0
558526,0.0,0.25,851.75,2,1.0
558527,0.0,0.0,851.75,2,1.0
558528,-12.5,0.25,839.0,1,1.0
558529,0.0,0.0,839.0,1,1.0
558530,-12.5,0.25,826.25,2,1.0
558531,0.0,0.0,826.25,2,1.0
558532,0.0,0.0,826.25,2,1.0
558533,0.0,0.0,826.25,2,1.0
558534,0.0,0.0,826.25,2,1.0
558535,0.0,0.0,826.25,2,1.0
558536,0.0,0.0,826.25,2,1.0
558537,0.0,0.25,826.0,1,1.0
558538,12.5,0.25,838.25,0,1.0
558539,0.0,0.0,838.25,0,1.0
558540,0.0,0.25,838.0,2,1.0
558541,0.0,0.25,837.75,1,1.0
558542,0.0,0.0,837.75,1,1.0
558543,-12.5,0.25,825.0,2,1.0
558544,0.0,0.0,825.0,2,1.0
558545,0.0,0.0,825.0,2,1.0
558546,0.0,0.0,825.0,2,1.0
558547,0.0,0.0,825.0,2,1.0
558548,0.0,0.0,825.0,2,1.0
558549,0.0,0.0,825.0,2,1.0
558550,0.0,0.0,825.0,2,1.0
558551,0.0,0.0,825.0,2,1.0
558552,0.0,0.0,825.0,2,1.0
558553,0.0,0.0,825.0,2,1.0
558554,0.0,0.0,825.0,2,1.0
558555,0.0,0.0,825.0,2,1.0
558556,0.0,0.0,825.0,2,1.0
558557,0.0,0.0,825.0,2,1.0
558558,0.0,0.0,825.0,2,1.0
558559,0.0,0.0,825.0,2,1.0
558560,0.0,0.0,825.0,2,1.0
558561,12.5,0.25,837.25,1,1.0
558562,0.0,0.0,837.25,1,1.0
558563,0.0,0.0,837.25,1,1.0
558564,0.0,0.0,837.25,1,1.0
558565,0.0,0.0,837.25,1,1.0
558566,0.0,0.0,837.25,1,1.0
558567,0.0,0.0,837.25,1,1.0
558568,0.0,0.0,837.25,1,1.0
558569,0.0,0.0,837.25,1,1.0
558570,0.0,0.0,837.25,1,1.0
558571,0.0,0.0,837.25,1,1.0
558572,0.0,0.0,837.25,1,1.0
558573,0.0,0.0,837.25,1,1.0
558574,0.0,0.0,837.25,1,1.0
558575,62.5,0.25,899.5,2,1.0
558576,0.0,0.25,899.25,1,1.0
558577,0.0,0.0,899.25,1,1.0
558578,0.0,0.0,899.25,1,1.0
558579,0.0,0.0,899.25,1,1.0
558580,0.0,0.0,899.25,1,1.0
558581,12.5,0.25,911.5,2,1.0
558582,-12.5,0.25,898.75,1,1.0
558583,0.0,0.0,898.75,1,1.0
558584,12.5,0.25,911.0,2,1.0
558585,12.5,0.25,923.25,1,1.0
558586,0.0,0.0,923.25,1,1.0
558587,0.0,0.0,923.25,1,1.0
558588,12.5,0.25,935.5,2,1.0
558589,0.0,0.0,935.5,2,1.0
558590,0.0,0.25,935.25,1,1.0
558591,0.0,0.0,935.25,1,1.0
558592,0.0,0.0,935.25,1,1.0
558593,-12.5,0.25,922.5,2,1.0
558594,0.0,0.0,922.5,2,1.0
558595,0.0,0.0,922.5,2,1.0
558596,-12.5,0.25,909.75,1,1.0
558597,0.0,0.0,909.75,1,1.0
558598,0.0,0.0,909.75,1,1.0
558599,0.0,0.0,909.75,1,1.0
558600,0.0,0.0,909.75,1,1.0
558601,12.5,0.25,922.0,2,1.0
558602,0.0,0.25,921.75,0,1.0
558603,0.0,0.25,921.5,1,1.0
558604,0.0,0.0,921.5,1,1.0
558605,-12.5,0.25,908.75,2,1.0
558606,0.0,0.0,908.75,2,1.0
558607,0.0,0.0,908.75,2,1.0
558608,0.0,0.0,908.75,2,1.0
558609,0.0,0.0,908.75,2,1.0
558610,0.0,0.0,908.75,2,1.0
558611,-12.5,0.25,896.0,1,1.0
558612,0.0,0.0,896.0,1,1.0
558613,0.0,0.0,896.0,1,1.0
558614,12.5,0.25,908.25,2,1.0
558615,-12.5,0.25,895.5,1,1.0
558616,0.0,0.0,895.5,1,1.0
558617,0.0,0.0,895.5,1,1.0
558618,0.0,0.0,895.5,1,1.0
558619,0.0,0.0,895.5,1,1.0
558620,0.0,0.0,895.5,1,1.0
558621,0.0,0.0,895.5,1,1.0
558622,0.0,0.0,895.5,1,1.0
558623,0.0,0.0,895.5,1,1.0
558624,0.0,0.0,895.5,1,1.0
558625,0.0,0.0,895.5,1,1.0
558626,0.0,0.25,895.25,2,1.0
558627,0.0,0.0,895.25,2,1.0
558628,0.0,0.0,895.25,2,1.0
558629,0.0,0.0,895.25,2,1.0
558630,0.0,0.0,895.25,2,1.0
558631,-25.0,0.25,870.0,1,1.0
558632,0.0,0.0,870.0,1,1.0
558633,0.0,0.0,870.0,1,1.0
558634,0.0,0.0,870.0,1,1.0
558635,0.0,0.0,870.0,1,1.0
558636,0.0,0.0,870.0,1,1.0
558637,0.0,0.0,870.0,1,1.0
558638,0.0,0.0,870.0,1,1.0
558639,0.0,0.0,870.0,1,1.0
558640,-12.5,0.25,857.25,2,1.0
558641,0.0,0.0,857.25,2,1.0
558642,0.0,0.0,857.25,2,1.0
558643,0.0,0.25,857.0,1,1.0
558644,0.0,0.0,857.0,1,1.0
558645,0.0,0.25,856.75,2,1.0
558646,0.0,0.0,856.75,2,1.0
558647,0.0,0.0,856.75,2,1.0
558648,0.0,0.0,856.75,2,1.0
558649,0.0,0.25,856.5,1,1.0
558650,0.0,0.0,856.5,1,1.0
558651,0.0,0.0,856.5,1,1.0
558652,12.5,0.25,868.75,2,1.0
558653,0.0,0.0,868.75,2,1.0
558654,12.5,0.25,881.0,1,1.0
558655,0.0,0.0,881.0,1,1.0
558656,0.0,0.25,880.75,2,1.0
558657,0.0,0.0,880.75,2,1.0
558658,0.0,0.0,880.75,2,1.0
558659,0.0,0.25,880.5,1,1.0
558660,0.0,0.0,880.5,1,1.0
558661,0.0,0.0,880.5,1,1.0
558662,12.5,0.25,892.75,2,1.0
558663,0.0,0.0,892.75,2,1.0
558664,0.0,0.25,892.5,1,1.0
558665,0.0,0.0,892.5,1,1.0
558666,0.0,0.0,892.5,1,1.0
558667,-12.5,0.25,879.75,2,1.0
558668,0.0,0.0,879.75,2,1.0
558669,0.0,0.0,879.75,2,1.0
558670,-25.0,0.25,854.5,1,1.0
558671,0.0,0.0,854.5,1,1.0
558672,0.0,0.0,854.5,1,1.0
558673,0.0,0.0,854.5,1,1.0
558674,0.0,0.0,854.5,1,1.0
558675,0.0,0.0,854.5,1,1.0
558676,0.0,0.0,854.5,1,1.0
558677,0.0,0.0,854.5,1,1.0
558678,0.0,0.0,854.5,1,1.0
558679,37.5,0.25,891.75,2,1.0
558680,25.0,0.25,916.5,1,1.0
558681,0.0,0.25,916.25,2,1.0
558682,0.0,0.0,916.25,2,1.0
558683,0.0,0.0,916.25,2,1.0
558684,0.0,0.0,916.25,2,1.0
558685,0.0,0.0,916.25,2,1.0
558686,0.0,0.0,916.25,2,1.0
558687,0.0,0.0,916.25,2,1.0
558688,0.0,0.0,916.25,2,1.0
558689,0.0,0.0,916.25,2,1.0
558690,0.0,0.25,916.0,1,1.0
558691,0.0,0.0,916.0,1,1.0
558692,0.0,0.0,916.0,1,1.0
558693,0.0,0.0,916.0,1,1.0
558694,0.0,0.0,916.0,1,1.0
558695,0.0,0.0,916.0,1,1.0
558696,0.0,0.0,916.0,1,1.0
558697,0.0,0.0,916.0,1,1.0
558698,0.0,0.0,916.0,1,1.0
558699,0.0,0.0,916.0,1,1.0
558700,0.0,0.0,916.0,1,1.0
558701,0.0,0.0,916.0,1,1.0
558702,0.0,0.0,916.0,1,1.0
558703,37.5,0.25,953.25,2,1.0
558704,0.0,0.0,953.25,2,1.0
558705,0.0,0.0,953.25,2,1.0
558706,0.0,0.25,953.0,1,1.0
558707,0.0,0.0,953.0,1,1.0
558708,12.5,0.25,965.25,2,1.0
558709,0.0,0.0,965.25,2,1.0
558710,0.0,0.0,965.25,2,1.0
558711,-12.5,0.25,952.5,1,1.0
558712,0.0,0.0,952.5,1,1.0
558713,0.0,0.0,952.5,1,1.0
558714,0.0,0.0,952.5,1,1.0
558715,25.0,0.25,977.25,2,1.0
558716,12.5,0.25,989.5,1,1.0
558717,0.0,0.0,989.5,1,1.0
558718,0.0,0.0,989.5,1,1.0
558719,0.0,0.0,989.5,1,1.0
558720,0.0,0.0,989.5,1,1.0
558721,0.0,0.0,989.5,1,1.0
558722,0.0,0.25,989.25,2,1.0
558723,0.0,0.25,989.0,1,1.0
558724,0.0,0.25,988.75,2,1.0
558725,0.0,0.0,988.75,2,1.0
558726,0.0,0.0,988.75,2,1.0
558727,0.0,0.0,988.75,2,1.0
558728,0.0,0.0,988.75,2,1.0
558729,0.0,0.25,988.5,1,1.0
558730,0.0,0.0,988.5,1,1.0
558731,0.0,0.0,988.5,1,1.0
