progress,open,high,low,close,volume
0.0757002271006813,0.0,0.0,0.0,0.0,1663
0.1514004542013626,-2.5,-2.0,-2.25,-1.25,747
0.22710068130204392,-3.75,-3.5,-2.0,-2.5,304
0.3028009084027252,-5.0,-2.5,-2.0,-1.5,586
0.3785011355034065,-3.75,-3.75,-1.25,-1.75,303
0.45420136260408783,-4.25,-3.5,-0.75,-1.25,135
0.5299015897047692,-3.25,-3.25,-3.5,-2.75,898
0.6056018168054504,-5.0,-5.0,-3.0,-3.5,359
0.6813020439061317,-5.5,-4.0,-2.0,-2.0,82
0.757002271006813,-4.25,-3.5,-2.75,-3.25,218
0.8327024981074944,-5.5,-5.25,-2.5,-3.5,123
0.9084027252081757,-5.75,-5.5,-3.25,-3.5,264
0.9841029523088569,-5.75,-5.75,-4.0,-4.5,244
1.0598031794095384,-7.0,-6.0,-3.75,-3.75,94
1.1355034065102196,-6.0,-5.0,-2.5,-2.75,112
1.2112036336109009,-5.25,-4.25,-1.75,-2.0,71
1.2869038607115821,-4.25,-4.25,-1.5,-2.25,51
1.3626040878122634,-4.75,-4.5,-2.25,-3.25,285
1.4383043149129449,-5.25,-4.75,-2.0,-3.0,112
1.514004542013626,-5.0,-3.75,-1.5,-1.75,171
1.5897047691143074,-4.0,-3.75,-1.0,-2.0,166
1.6654049962149888,-4.25,-4.25,-1.0,-2.25,103
1.74110522331567,-4.25,-4.25,-1.0,-2.0,52
1.8168054504163513,-4.25,-4.25,-0.75,-2.0,43
1.8925056775170326,-4.25,-4.25,-1.75,-3.0,136
1.9682059046177138,-5.0,-4.25,-1.5,-2.0,222
2.043906131718395,-4.25,-4.25,-1.25,-2.5,51
2.1196063588190768,-4.5,-4.25,-1.25,-2.0,26
2.195306585919758,-4.25,-3.75,-1.0,-1.75,125
2.2710068130204393,-4.0,-3.75,-0.75,-2.0,127
2.3467070401211205,-4.0,-3.75,-1.0,-1.5,325
2.4224072672218018,-3.75,-3.75,-0.5,-1.5,200
2.498107494322483,-3.75,-3.75,-0.75,-2.0,74
2.5738077214231643,-4.0,-4.0,-1.75,-2.75,174
2.6495079485238455,-4.75,-4.5,-1.25,-2.25,104
2.7252081756245268,-4.5,-4.25,-1.5,-2.75,78
2.8009084027252085,-4.75,-4.5,-1.25,-2.25,40
2.8766086298258897,-4.5,-4.0,-1.25,-2.5,63
2.952308856926571,-4.5,-4.0,-1.25,-1.75,54
3.028009084027252,-4.0,-4.0,-1.25,-2.25,69
3.1037093111279335,-4.75,-4.25,-1.5,-2.75,87
3.1794095382286147,-4.75,-4.75,-2.0,-3.25,150
3.255109765329296,-5.5,-4.75,-2.5,-3.0,221
3.3308099924299777,-5.25,-4.75,-2.25,-2.5,113
3.406510219530659,-4.75,-4.0,-1.25,-2.0,137
3.48221044663134,-4.0,-3.75,-0.5,-1.5,550
3.5579106737320214,-3.75,-3.75,-2.0,-2.25,1048
3.6336109008327027,-4.75,-4.5,-1.5,-2.5,102
3.709311127933384,-4.75,-4.5,-1.5,-2.25,145
3.785011355034065,-4.5,-4.0,-1.25,-2.0,221
3.8607115821347464,-4.0,-3.5,-0.5,-1.75,403
3.9364118092354277,-3.75,-3.75,-0.75,-2.0,105
4.012112036336109,-4.25,-4.0,-0.75,-1.75,63
4.08781226343679,-4.0,-3.5,-0.5,-1.75,59
4.163512490537472,-3.75,-3.75,-1.25,-2.25,101
4.2392127176381535,-4.25,-4.25,-1.25,-2.25,46
4.314912944738834,-4.25,-4.25,-1.5,-2.75,73
4.390613171839516,-4.75,-4.25,-1.25,-2.0,40
4.466313398940197,-4.25,-3.25,-0.75,-1.0,205
4.5420136260408785,-3.25,-3.0,0.0,-1.0,150
4.617713853141559,-3.0,-1.5,0.25,0.0,532
4.693414080242241,-2.25,-1.5,1.0,0.5,255
4.769114307342922,-1.5,-1.5,1.25,0.5,212
4.8448145344436035,-1.75,-1.75,1.0,0.0,245
4.920514761544285,-2.25,-2.25,0.25,-1.0,150
4.996214988644966,-3.0,-1.5,0.0,0.75,472
5.071915215745648,-1.75,-0.5,1.75,1.75,447
5.1476154428463285,-0.5,0.5,2.5,2.75,395
5.22331566994701,0.5,2.75,3.25,2.75,1291
5.299015897047691,0.5,2.0,3.75,4.0,250
5.374716124148373,2.0,2.25,5.0,4.25,538
5.4504163512490535,2.0,2.5,5.0,4.5,467
5.526116578349735,2.0,2.0,4.75,4.0,227
5.601816805450417,1.75,2.25,4.75,4.25,206
5.677517032551098,2.25,2.5,5.0,3.75,311
5.753217259651779,1.5,2.0,4.75,4.25,397
5.82891748675246,2.0,2.5,5.25,4.5,151
5.904617713853142,2.25,2.75,5.25,4.0,192
5.980317940953823,1.75,2.5,5.0,4.5,156
6.056018168054504,2.5,2.5,5.5,4.5,142
6.131718395155186,2.0,3.5,5.25,5.75,575
6.207418622255867,3.25,3.5,5.75,5.0,515
6.283118849356549,2.75,3.25,6.25,5.5,172
6.358819076457229,3.25,4.0,6.5,5.75,399
6.434519303557911,3.25,3.75,6.75,5.5,210
6.510219530658592,3.25,3.25,6.0,5.0,215
6.585919757759274,2.75,3.0,5.75,4.75,357
6.661619984859955,2.5,2.75,5.75,4.75,339
6.737320211960636,2.5,2.75,6.0,4.75,123
6.813020439061318,2.5,3.25,5.75,5.5,184
6.888720666161999,3.25,4.0,6.5,6.0,128
6.96442089326268,3.75,4.25,6.25,5.0,432
7.040121120363361,3.0,3.25,6.25,5.25,81
7.115821347464043,3.0,3.0,6.25,5.0,77
7.191521574564724,3.0,3.25,6.25,5.25,221
7.267221801665405,2.75,2.75,5.75,4.75,164
7.342922028766087,2.5,2.5,5.75,4.5,130
7.418622255866768,2.25,3.0,5.75,5.0,173
7.4943224829674495,3.0,3.25,6.5,5.25,252
7.57002271006813,3.25,4.0,6.75,6.0,390
7.645722937168812,3.75,3.75,6.25,5.0,151
7.721423164269493,2.75,2.75,6.0,4.75,214
7.7971233913701745,2.5,2.75,5.75,4.5,150
7.872823618470855,2.5,2.5,4.75,4.0,171
7.948523845571537,1.75,2.25,5.25,4.25,182
8.024224072672219,2.0,2.25,5.25,4.5,123
8.0999242997729,2.25,2.5,5.0,3.75,140
8.17562452687358,1.5,1.75,5.0,3.75,72
8.251324753974263,1.5,1.75,4.5,3.5,162
8.327024981074944,1.25,2.25,4.75,4.5,211
8.402725208175625,2.25,2.25,5.5,4.5,66
8.478425435276307,2.25,2.75,5.75,5.0,172
8.554125662376988,2.5,2.5,5.5,4.5,91
8.629825889477669,2.0,2.5,5.0,4.75,56
8.70552611657835,2.5,2.5,5.5,4.5,118
8.781226343679032,2.25,3.0,5.75,5.0,139
8.856926570779713,2.75,2.75,6.0,4.75,50
8.932626797880394,2.5,2.75,6.0,5.0,44
9.008327024981075,2.75,3.0,6.0,5.0,51
9.084027252081757,2.5,2.5,5.75,4.75,53
9.159727479182438,2.75,3.0,5.75,5.25,114
9.235427706283119,3.0,3.5,6.0,5.25,155
9.311127933383801,3.0,3.0,5.75,4.5,136
9.386828160484482,2.5,2.5,5.5,4.5,83
9.462528387585163,2.25,2.5,5.5,4.25,90
9.538228614685844,2.25,3.25,5.5,5.5,127
9.613928841786526,3.0,3.0,5.75,4.5,131
9.689629068887207,2.25,2.25,5.5,4.25,78
9.765329295987888,2.25,2.25,4.75,3.5,341
9.84102952308857,1.0,1.5,3.5,2.25,354
9.916729750189251,0.25,0.75,3.0,2.25,306
9.992429977289932,-0.25,0.25,3.25,2.25,84
10.068130204390613,0.0,0.25,3.0,1.75,137
10.143830431491295,-0.25,0.0,3.0,2.25,225
10.219530658591976,0.0,1.0,3.0,3.0,281
10.295230885692657,0.75,1.25,3.75,3.25,378
10.37093111279334,1.25,1.25,4.0,3.5,1314
10.44663133989402,1.0,1.25,3.5,2.75,630
10.522331566994701,0.25,1.25,3.75,3.25,150
10.598031794095382,1.25,2.0,4.75,4.25,108
10.673732021196065,1.75,1.75,4.75,3.5,243
10.749432248296745,1.5,1.5,4.25,3.25,100
10.825132475397426,1.0,1.0,4.0,3.0,44
10.900832702498107,0.5,2.0,4.0,4.25,167
10.97653292959879,2.25,3.25,5.5,5.0,292
11.05223315669947,3.0,4.25,6.25,6.25,384
11.127933383800151,4.25,4.75,7.5,7.0,323
11.203633610900834,4.75,5.0,8.0,6.75,200
11.279333838001515,4.25,4.75,7.75,7.0,144
11.355034065102195,5.0,5.25,7.75,7.0,175
11.430734292202876,4.75,5.0,7.25,6.0,201
11.506434519303559,4.0,5.0,7.25,7.25,191
11.58213474640424,5.0,6.25,8.5,8.0,585
11.65783497350492,5.75,6.0,8.5,7.5,170
11.733535200605603,5.5,6.0,9.0,8.25,273
11.809235427706284,6.0,6.25,8.5,7.75,210
11.884935654806965,5.5,5.5,8.5,7.5,166
11.960635881907645,5.5,6.25,9.0,7.75,177
12.036336109008328,5.75,6.5,9.0,8.0,137
12.112036336109009,5.75,7.5,9.0,8.75,435
12.18773656320969,6.75,7.5,10.0,9.5,413
12.263436790310372,7.5,7.75,10.75,9.75,215
12.339137017411053,7.5,7.5,10.0,9.0,256
12.414837244511734,6.75,7.0,10.0,9.0,86
12.490537471612415,6.75,6.75,9.75,9.0,136
12.566237698713097,6.5,7.25,10.0,9.5,150
12.641937925813778,7.0,7.25,10.0,9.0,104
12.717638152914459,7.0,7.0,9.75,8.75,106
12.793338380015141,6.5,7.0,9.75,9.25,115
12.869038607115822,7.0,7.5,10.5,9.25,126
12.944738834216503,7.0,7.75,10.25,9.5,223
13.020439061317184,7.0,7.75,10.5,10.0,136
13.096139288417866,7.5,8.5,11.0,10.25,354
13.171839515518547,8.25,8.25,10.25,9.0,165
13.247539742619228,7.0,7.75,10.5,10.0,119
13.32323996971991,7.5,7.75,10.75,9.75,61
13.398940196820591,7.75,7.75,10.75,10.0,57
13.474640423921272,7.5,8.0,11.0,10.0,125
13.550340651021953,8.0,8.5,11.25,10.5,208
13.626040878122636,8.0,8.0,10.5,9.25,132
13.701741105223316,7.0,7.5,10.25,9.25,170
13.777441332323997,7.0,7.0,9.75,9.0,174
13.853141559424678,7.0,7.25,10.0,9.5,265
13.92884178652536,7.25,8.25,10.75,10.0,229
14.004542013626041,7.75,8.5,11.25,10.5,223
14.080242240726722,8.25,9.75,11.75,11.75,1210
14.155942467827405,9.5,9.75,12.5,11.75,493
14.231642694928086,9.5,9.75,12.75,11.75,330
14.307342922028766,9.5,10.75,12.75,12.75,775
14.383043149129447,10.25,10.5,13.5,12.5,210
14.45874337623013,10.25,10.5,13.75,12.5,213
14.53444360333081,10.25,10.75,13.75,13.0,260
14.610143830431491,10.5,11.0,13.75,12.75,188
14.685844057532174,10.75,11.25,14.25,13.0,315
14.761544284632855,10.5,10.75,13.75,13.0,169
14.837244511733536,10.75,10.75,13.75,12.75,108
14.912944738834216,10.25,10.5,13.5,12.25,297
14.988644965934899,10.0,10.25,13.5,12.5,126
15.06434519303558,10.25,10.25,13.0,12.0,206
15.14004542013626,9.75,10.0,12.5,11.75,161
15.215745647236943,9.75,9.75,12.75,11.5,127
15.291445874337624,9.25,9.25,12.5,11.5,112
15.367146101438305,9.0,9.25,12.25,11.0,55
15.442846328538986,8.5,8.75,11.25,10.25,512
15.518546555639668,8.0,8.0,10.75,9.5,250
15.594246782740349,7.5,7.5,10.25,9.25,202
15.66994700984103,6.75,7.0,10.25,9.25,113
15.74564723694171,7.0,7.75,10.25,9.75,131
15.821347464042393,7.5,8.0,11.0,10.25,65
15.897047691143074,8.0,8.5,10.5,9.5,165
15.972747918243755,7.25,7.25,10.25,9.5,162
16.048448145344437,7.25,7.75,10.25,9.25,216
16.124148372445116,7.0,7.25,10.0,9.0,263
16.1998485995458,6.5,7.5,9.5,8.5,414
16.27554882664648,6.5,6.75,9.5,8.75,101
16.35124905374716,6.5,6.75,9.75,8.75,54
16.426949280847843,6.25,6.5,9.75,8.75,63
16.502649507948526,6.5,7.0,10.0,9.0,177
16.578349735049205,6.75,6.75,9.75,8.75,57
16.654049962149887,6.25,6.75,9.5,9.0,61
16.72975018925057,6.75,6.75,9.75,8.75,64
16.80545041635125,6.5,6.75,10.0,9.0,58
16.88115064345193,6.75,6.75,9.75,8.5,57
16.956850870552614,6.25,6.75,9.75,8.75,42
17.032551097653293,6.5,7.0,9.75,9.25,54
17.108251324753976,7.0,7.5,10.25,9.5,54
17.183951551854655,7.5,7.5,10.75,9.5,67
17.259651778955337,7.25,8.0,10.75,10.25,142
17.33535200605602,8.0,8.0,11.0,9.75,84
17.4110522331567,7.5,7.75,11.0,9.75,47
17.48675246025738,7.5,7.5,10.5,9.25,37
17.562452687358064,7.0,7.0,10.0,9.0,109
17.638152914458743,6.5,7.0,10.0,9.25,29
17.713853141559426,7.0,7.0,9.75,8.75,112
17.78955336866011,6.5,7.75,9.75,9.75,171
17.865253595760787,7.75,8.0,11.0,10.25,169
17.94095382286147,8.0,8.25,11.0,9.75,87
18.01665404996215,7.5,7.5,10.75,9.75,90
18.09235427706283,7.5,8.0,11.0,10.0,126
18.168054504163514,7.75,7.75,10.75,9.75,62
18.243754731264193,7.75,9.0,11.25,11.25,269
18.319454958364876,8.75,8.75,11.75,10.5,131
18.39515518546556,8.5,10.0,12.0,11.5,269
18.470855412566237,9.25,10.0,12.75,12.0,166
18.54655563966692,9.75,10.0,13.0,12.0,112
18.622255866767603,10.0,10.25,13.0,12.0,150
18.69795609386828,9.75,9.75,12.75,11.5,102
18.773656320968964,9.25,9.5,12.5,11.5,131
18.849356548069647,9.5,9.5,12.5,11.25,53
18.925056775170326,9.0,9.0,12.25,11.0,116
19.00075700227101,8.75,9.0,12.25,11.0,52
19.076457229371687,8.75,9.0,12.0,11.25,55
19.15215745647237,9.0,9.5,12.5,11.25,99
19.227857683573053,9.0,9.25,12.25,11.25,108
19.30355791067373,9.0,9.25,11.75,10.75,98
19.379258137774414,8.5,9.25,12.0,11.5,120
19.454958364875097,9.0,9.5,12.5,11.75,307
19.530658591975776,9.5,10.0,12.25,11.0,451
19.60635881907646,8.75,8.75,12.25,11.0,64
19.68205904617714,8.75,9.0,12.25,11.0,62
19.75775927327782,8.5,8.5,11.5,10.5,101
19.833459500378503,8.25,9.0,11.75,11.0,69
19.90915972747918,8.75,8.75,11.75,11.0,193
19.984859954579864,8.75,9.75,12.25,11.75,187
20.060560181680547,9.5,10.0,13.0,11.75,95
20.136260408781226,9.5,9.5,12.75,11.75,70
20.21196063588191,9.25,10.0,12.75,12.25,224
20.28766086298259,10.25,10.25,13.0,12.0,130
20.36336109008327,9.75,9.75,13.0,11.75,86
20.439061317183953,9.5,10.25,13.0,12.25,38
20.514761544284635,10.0,10.5,13.25,12.25,256
20.590461771385314,9.75,11.0,13.25,13.0,216
20.666161998485997,10.75,11.25,14.25,13.0,113
20.74186222558668,10.5,10.5,13.25,12.0,163
20.81756245268736,9.75,9.75,12.75,11.5,82
20.89326267978804,9.25,9.75,12.75,12.0,166
20.96896290688872,9.5,9.5,12.25,11.5,88
21.044663133989403,9.25,10.0,12.75,12.0,154
21.120363361090085,9.75,10.25,13.0,12.25,206
21.196063588190764,10.0,10.0,13.0,12.0,135
21.271763815291447,9.75,10.0,12.75,11.5,62
21.34746404239213,9.25,9.25,12.5,11.25,99
21.42316426949281,9.0,9.75,12.5,12.0,54
21.49886449659349,9.5,9.75,13.0,12.0,99
21.574564723694174,9.5,9.5,12.75,11.5,49
21.650264950794853,9.25,9.25,12.0,10.75,220
21.725965177895535,8.5,8.5,11.25,10.0,279
21.801665404996214,7.75,8.0,11.0,10.0,131
21.877365632096897,7.75,8.25,11.25,10.25,78
21.95306585919758,8.25,8.5,11.5,10.25,59
22.02876608629826,8.0,9.0,11.5,11.25,63
22.10446631339894,8.75,9.0,12.0,11.0,91
22.180166540499624,8.75,9.25,12.0,11.25,109
22.255866767600303,9.0,9.5,12.0,11.0,173
22.331566994700985,8.75,8.75,12.0,11.0,41
22.407267221801668,9.0,9.25,12.25,11.25,50
22.482967448902347,9.25,9.25,12.5,11.25,5
22.55866767600303,9.0,9.0,12.5,11.25,18
22.634367903103712,8.75,9.0,12.25,11.0,41
22.71006813020439,9.0,9.75,12.5,11.5,249
22.785768357305074,9.25,9.25,12.25,11.25,132
22.861468584405753,9.0,9.0,12.25,11.25,26
22.937168811506435,9.0,9.25,12.5,11.5,29
23.012869038607118,9.0,9.25,11.75,10.5,57
23.088569265707797,8.5,9.0,11.5,10.5,102
23.16426949280848,8.25,8.5,11.5,10.75,42
23.239969719909162,8.5,9.25,11.75,11.5,60
23.31566994700984,9.0,9.5,12.5,11.75,46
23.391370174110524,9.25,9.5,12.75,11.75,48
23.467070401211206,9.5,10.0,13.0,12.0,144
23.542770628311885,9.75,9.75,12.75,12.0,62
23.618470855412568,9.75,10.0,13.0,11.75,42
23.69417108251325,9.5,9.75,13.0,12.0,36
23.76987130961393,9.75,10.25,13.25,12.0,295
23.845571536714612,10.0,10.25,13.25,12.25,155
23.92127176381529,10.25,10.25,13.0,11.75,117
23.996971990915974,9.75,9.75,12.75,11.5,39
24.072672218016656,9.25,9.25,12.75,11.5,22
24.148372445117335,9.25,9.25,12.5,11.25,54
24.224072672218018,9.25,9.25,12.5,11.5,54
24.2997728993187,9.25,9.5,12.75,11.75,73
24.37547312641938,9.25,9.25,12.5,11.5,63
24.451173353520062,9.25,9.25,12.25,11.0,71
24.526873580620745,8.75,9.0,12.25,11.25,44
24.602573807721424,9.0,9.0,12.25,11.0,79
24.678274034822106,8.75,8.75,11.75,11.0,63
24.753974261922785,8.5,8.75,12.0,11.0,14
24.829674489023468,8.75,9.0,12.0,11.25,11
24.90537471612415,8.75,8.75,12.0,10.75,22
24.98107494322483,8.5,8.75,12.0,11.0,26
25.056775170325512,8.75,8.75,11.75,11.0,63
25.132475397426195,8.5,8.75,12.0,11.0,30
25.208175624526874,8.75,8.75,11.75,10.75,44
25.283875851627556,8.5,9.0,11.75,11.0,286
25.35957607872824,9.0,9.0,12.25,11.25,24
25.435276305828918,9.25,9.5,12.5,11.5,51
25.5109765329296,9.25,9.25,12.0,11.0,170
25.586676760030283,8.75,9.25,12.25,11.5,64
25.662376987130962,9.25,9.75,12.75,11.75,43
25.738077214231645,9.5,9.5,12.75,11.5,45
25.813777441332324,9.5,9.5,12.75,11.75,20
25.889477668433006,9.5,9.75,13.0,12.0,33
25.96517789553369,9.5,9.75,12.75,11.5,30
26.040878122634368,9.25,9.25,12.25,11.25,68
26.11657834973505,9.0,9.25,12.25,11.5,49
26.192278576835733,9.25,10.25,12.75,12.25,323
26.267978803936412,10.0,10.25,13.25,12.25,69
26.343679031037095,10.0,10.25,13.25,12.0,90
26.419379258137777,9.75,9.75,13.0,11.75,37
26.495079485238456,9.25,10.0,12.75,12.25,41
26.57077971233914,10.25,10.25,13.5,12.25,15
26.64647993943982,10.0,10.0,13.25,12.25,40
26.7221801665405,10.25,11.0,13.5,13.25,223
26.797880393641183,11.0,11.25,14.25,13.5,233
26.873580620741862,11.25,11.25,14.25,13.0,150
26.949280847842545,10.75,11.0,14.25,13.25,50
27.024981074943227,11.0,11.25,14.25,13.5,76
27.100681302043906,11.0,11.25,14.25,13.5,39
27.17638152914459,11.0,12.0,14.5,14.0,136
27.25208175624527,11.75,11.75,14.75,13.75,154
27.32778198334595,11.5,11.75,14.5,13.25,111
27.403482210446633,10.75,11.0,13.75,12.75,152
27.479182437547315,10.75,11.0,13.75,12.75,152
27.554882664647995,10.5,11.0,13.5,13.25,121
27.630582891748677,11.0,11.0,13.75,13.0,186
27.706283118849356,10.5,10.75,14.0,12.75,42
27.78198334595004,10.25,10.5,13.75,12.5,98
27.85768357305072,10.25,10.25,13.5,12.5,75
27.9333838001514,10.0,10.5,13.0,12.25,126
28.009084027252083,10.0,10.0,13.25,12.25,46
28.084784254352765,10.0,10.25,13.0,12.0,350
28.160484481453445,9.75,9.75,13.0,11.75,72
28.236184708554127,9.5,9.75,13.0,12.0,59
28.31188493565481,9.75,9.75,13.25,12.0,22
28.38758516275549,9.75,10.0,13.25,12.25,56
28.46328538985617,10.25,10.25,13.0,12.0,89
28.538985616956854,10.0,10.25,13.25,12.25,112
28.614685844057533,10.0,10.5,13.5,12.75,103
28.690386071158215,10.5,10.5,13.25,12.0,53
28.766086298258895,9.75,10.0,13.0,11.75,53
28.841786525359577,9.5,9.5,12.0,10.75,206
28.91748675246026,8.75,9.25,12.25,11.25,51
28.99318697956094,8.75,9.0,12.25,11.25,29
29.06888720666162,9.25,9.5,12.5,11.75,127
29.144587433762304,9.5,9.5,13.0,11.75,18
29.220287660862983,9.5,9.5,12.5,11.25,45
29.295987887963665,9.0,9.0,12.5,11.25,56
29.371688115064348,9.0,9.25,12.5,11.5,26
29.447388342165027,9.25,9.75,12.75,11.75,44
29.52308856926571,9.5,10.0,12.75,11.5,155
29.59878879636639,9.5,9.75,12.25,11.75,126
29.67448902346707,9.75,10.0,13.25,12.25,88
29.750189250567754,10.25,10.75,13.75,12.75,86
29.825889477668433,10.5,10.75,13.75,12.75,84
29.901589704769115,10.5,10.5,13.75,12.75,43
29.977289931869798,10.25,10.5,13.75,12.5,38
30.052990158970477,10.25,10.75,13.5,13.0,134
30.12869038607116,10.75,10.75,13.75,12.5,57
30.204390613171842,10.25,10.25,13.25,12.25,58
30.28009084027252,10.0,10.75,13.5,12.5,97
30.355791067373204,10.5,10.5,13.5,12.25,44
30.431491294473886,10.0,10.75,13.5,13.0,107
30.507191521574565,10.75,11.0,14.0,13.25,79
30.582891748675248,11.0,11.0,13.75,13.25,90
30.658591975775927,10.75,11.25,14.25,13.5,75
30.73429220287661,11.25,11.25,14.25,13.0,48
30.809992429977292,10.75,10.75,14.0,13.0,54
30.88569265707797,10.75,10.75,13.25,12.5,235
30.961392884178654,10.0,10.0,13.0,12.25,149
31.037093111279336,10.0,10.25,13.25,12.25,85
31.112793338380015,10.0,10.0,13.5,12.25,49
31.188493565480698,10.0,10.5,13.5,12.5,123
31.26419379258138,10.5,11.25,14.0,13.5,207
31.33989401968206,11.25,11.5,14.5,13.25,58
31.415594246782742,10.75,11.0,14.25,13.25,34
31.49129447388342,10.75,10.75,14.25,13.0,10
31.566994700984104,10.75,10.75,13.5,12.75,138
31.642694928084786,10.25,10.5,13.25,12.25,78
31.718395155185465,9.75,10.5,13.25,12.5,192
31.794095382286148,10.0,10.75,13.5,12.75,99
31.86979560938683,10.5,10.75,13.25,12.25,220
31.94549583648751,9.75,10.0,11.75,10.75,440
32.02119606358819,8.5,9.0,11.75,10.75,178
32.096896290688875,8.5,9.0,11.75,11.0,149
32.17259651778956,9.0,9.5,12.5,11.5,107
32.24829674489023,9.5,9.5,12.75,11.75,27
32.323996971990915,9.5,9.75,13.0,12.0,45
32.3996971990916,9.75,10.25,13.0,11.75,89
32.47539742619228,9.5,9.5,12.75,11.75,23
32.55109765329296,9.5,10.25,13.0,12.25,58
32.626797880393646,10.0,10.0,13.5,12.25,29
32.70249810749432,10.0,10.5,13.5,12.75,14
32.778198334595004,10.25,10.25,13.5,12.25,25
32.85389856169569,10.0,10.25,13.5,12.25,21
32.92959878879637,10.25,10.5,13.5,12.75,49
33.00529901589705,10.25,10.25,13.5,12.25,12
33.08099924299773,10.25,10.25,13.25,12.25,60
33.15669947009841,10.0,10.5,13.5,12.5,52
33.23239969719909,10.5,10.75,14.0,12.75,28
33.308099924299775,10.75,10.75,14.0,12.75,23
33.38380015140046,10.5,10.75,13.75,12.75,32
33.45950037850114,10.75,11.25,14.25,13.25,103
33.535200605601815,11.0,11.5,14.25,13.75,75
33.6109008327025,11.25,12.25,14.5,14.0,585
33.68660105980318,11.75,12.0,15.0,13.75,145
33.76230128690386,11.5,11.75,14.5,13.25,71
33.838001514004546,11.0,11.25,14.5,13.5,25
33.91370174110523,11.25,11.5,14.75,13.75,20
33.989401968205904,11.5,11.5,14.5,13.25,71
34.06510219530659,11.0,11.0,14.25,13.25,14
34.14080242240727,11.0,11.5,14.5,13.5,141
34.21650264950795,11.25,11.75,14.75,13.75,25
34.292202876608634,11.5,12.0,15.0,14.25,171
34.36790310370931,11.75,12.25,15.0,13.75,76
34.44360333080999,11.75,11.75,14.75,14.0,91
34.519303557910675,11.5,11.75,14.75,13.75,37
34.59500378501136,11.5,11.5,14.5,13.75,58
34.67070401211204,11.25,11.75,14.75,13.75,33
34.74640423921272,11.75,12.0,15.0,14.25,76
34.8221044663134,12.0,12.25,15.25,14.0,58
34.89780469341408,12.0,12.0,15.0,14.0,59
34.97350492051476,11.75,12.0,15.0,13.75,53
35.049205147615446,11.75,11.75,14.75,13.75,118
35.12490537471613,11.75,11.75,14.75,14.0,57
35.200605601816804,11.5,11.75,15.0,13.75,29
35.27630582891749,11.5,12.25,15.0,14.0,155
35.35200605601817,11.75,12.25,15.25,14.25,98
35.42770628311885,12.0,12.25,15.25,14.5,146
35.503406510219534,12.0,14.0,15.5,14.75,975
35.57910673732022,12.5,12.75,15.5,14.25,143
35.65480696442089,12.25,12.5,15.5,14.5,71
35.730507191521575,12.5,12.75,15.75,14.5,83
35.80620741862226,12.25,12.75,15.5,15.0,109
35.88190764572294,12.5,12.5,15.25,14.5,96
35.95760787282362,12.0,12.5,15.5,14.5,76
36.0333080999243,12.0,12.75,15.5,14.75,152
36.10900832702498,12.75,13.5,15.75,15.5,224
36.18470855412566,13.25,13.75,16.25,16.0,216
36.260408781226346,13.5,14.0,16.75,16.0,513
36.33610900832703,14.0,14.75,17.0,17.0,805
36.41180923542771,14.75,15.75,17.75,17.5,1010
36.48750946252839,15.25,15.5,18.0,17.5,475
36.56320968962907,15.0,15.5,18.25,17.5,325
36.63890991672975,15.0,15.25,18.25,17.0,198
36.714610143830434,14.75,15.25,18.0,17.5,217
36.79031037093112,15.0,15.25,18.0,16.75,169
36.86601059803179,14.75,14.75,17.75,16.75,127
36.941710825132475,14.5,15.0,17.75,16.5,230
37.01741105223316,14.25,14.75,17.75,17.0,143
37.09311127933384,14.5,14.75,17.5,16.75,204
37.16881150643452,14.5,14.5,16.75,16.0,328
37.244511733535205,13.75,14.0,17.0,16.25,110
37.32021196063588,14.0,14.25,17.0,15.75,161
37.39591218773656,13.5,13.75,16.75,16.0,140
37.471612414837246,13.5,14.0,16.75,16.0,184
37.54731264193793,13.75,14.25,17.25,16.5,159
37.62301286903861,14.25,14.5,17.25,16.25,172
37.698713096139294,14.0,14.25,16.0,15.25,354
37.77441332323997,13.0,13.0,15.75,14.5,303
37.85011355034065,12.25,12.75,15.5,14.75,251
37.925813777441334,12.75,13.0,15.75,14.75,172
38.00151400454202,12.5,12.75,15.75,14.5,153
38.0772142316427,12.25,12.5,15.0,14.25,323
38.152914458743375,12.0,12.25,15.0,13.75,201
38.22861468584406,11.5,12.25,15.0,14.25,140
38.30431491294474,12.0,12.0,15.0,13.75,59
38.38001514004542,11.5,11.5,14.5,13.75,234
38.455715367146105,11.75,11.75,14.5,13.5,265
38.53141559424679,11.5,11.75,14.75,13.75,166
38.60711582134746,11.75,12.75,15.25,15.0,379
38.682816048448146,12.5,14.0,15.5,16.25,632
38.75851627554883,14.0,16.0,17.25,17.75,1170
38.83421650264951,15.75,16.25,18.25,17.75,496
38.909916729750194,15.5,15.75,18.5,17.5,374
38.98561695685087,15.0,16.25,18.5,18.25,330
39.06131718395155,16.25,16.25,19.0,18.0,397
39.137017411052234,15.75,16.0,18.75,17.75,277
39.21271763815292,15.5,16.75,18.75,18.5,704
39.2884178652536,16.0,16.5,19.0,17.75,218
39.36411809235428,15.5,16.5,19.0,18.75,218
39.43981831945496,16.5,17.25,20.0,19.25,561
39.51551854655564,17.0,17.75,20.5,20.0,660
39.59121877365632,17.5,17.75,20.75,19.75,481
39.666919000757005,17.25,17.75,20.25,19.25,158
39.74261922785769,16.75,17.25,20.0,19.0,165
39.81831945495836,16.75,16.75,19.5,18.75,204
39.894019682059046,16.25,16.25,19.25,18.0,66
39.96971990915973,15.75,16.75,19.25,19.0,149
40.04542013626041,16.5,17.0,18.75,17.5,190
40.12112036336109,15.5,16.0,18.75,17.75,280
40.196820590461776,15.25,16.25,18.5,18.25,155
40.27252081756245,16.0,16.0,17.75,16.5,306
40.348221044663134,14.25,15.25,17.0,17.25,399
40.42392127176382,15.0,16.0,18.5,18.0,163
40.4996214988645,15.75,17.5,19.0,19.25,490
40.57532172596518,17.25,17.25,20.0,19.0,259
40.651021953065865,16.75,17.25,20.0,19.0,226
40.72672218016654,16.75,17.0,19.5,19.25,178
40.80242240726722,16.75,17.0,19.75,18.75,177
40.878122634367905,16.5,16.75,19.25,18.25,165
40.95382286146859,15.75,16.25,16.25,16.0,1215
41.02952308856927,13.5,15.5,17.0,17.25,612
41.105223315669946,15.0,15.0,16.75,16.5,790
41.18092354277063,14.25,14.25,16.0,14.75,387
41.25662376987131,12.5,13.5,15.75,15.5,410
41.33232399697199,13.25,13.25,15.5,15.0,552
41.408024224072676,12.75,13.0,15.75,14.5,452
41.48372445117336,12.25,12.5,14.75,14.25,378
41.559424678274034,12.0,13.5,15.25,15.25,729
41.63512490537472,13.0,14.75,16.5,16.25,545
41.7108251324754,14.0,15.25,17.25,17.0,331
41.78652535957608,14.75,16.0,18.0,18.0,430
41.862225586676765,15.75,16.0,18.25,17.5,365
41.93792581377744,15.5,15.5,18.0,17.25,349
42.01362604087812,15.0,16.75,18.0,18.75,685
42.089326267978805,16.5,16.75,19.0,18.0,321
42.16502649507949,15.5,16.5,17.75,18.75,315
42.24072672218017,16.25,17.0,19.25,18.0,167
42.31642694928085,15.5,16.0,18.5,17.75,298
42.39212717638153,15.5,16.0,18.5,18.25,202
42.46782740348221,15.75,16.5,18.75,18.5,107
42.54352763058289,16.25,16.25,18.75,17.75,233
42.619227857683576,15.25,16.0,18.0,17.75,522
42.69492808478426,15.25,16.0,17.25,16.5,407
42.770628311884934,14.25,15.75,17.75,17.0,346
42.84632853898562,14.75,14.75,15.5,14.5,998
42.9220287660863,12.5,13.0,15.75,15.0,424
42.99772899318698,12.75,13.25,16.25,15.5,197
43.073429220287665,13.25,13.75,16.5,16.0,332
43.14912944738835,13.75,14.25,16.5,16.5,214
43.22482967448902,14.5,15.0,17.75,16.75,413
43.300529901589705,14.25,14.25,15.75,14.75,696
43.37623012869039,12.5,12.75,15.25,14.25,350
43.45193035579107,12.0,12.25,15.25,14.0,262
43.52763058289175,11.5,12.0,14.75,13.75,410
43.60333080999243,11.75,12.0,14.25,13.25,707
43.67903103709311,11.0,13.0,14.25,15.0,763
43.75473126419379,12.75,13.75,16.0,16.0,366
43.830431491294476,13.75,13.75,16.25,15.75,270
43.90613171839516,13.5,15.0,16.75,17.0,389
43.98183194549584,14.75,15.0,17.75,16.75,269
44.05753217259652,14.25,14.25,17.0,15.75,391
44.1332323996972,13.75,15.25,17.0,17.0,463
44.20893262679788,14.5,14.75,18.0,17.0,99
44.284632853898565,14.5,16.25,18.0,18.0,444
44.36033308099925,15.5,16.25,18.75,18.25,310
44.43603330809993,16.0,18.25,19.5,20.0,1341
44.511733535200605,18.0,18.25,20.5,19.75,527
44.58743376230129,17.5,18.75,20.75,20.25,988
44.66313398940197,18.25,19.0,20.75,21.0,492
44.73883421650265,18.5,18.75,21.25,20.5,442
44.814534443603335,18.25,19.0,21.5,20.75,333
44.89023467070401,18.5,18.5,21.5,20.25,212
44.96593489780469,18.0,19.5,21.5,21.25,906
45.041635124905376,18.75,19.75,22.0,22.0,331
45.11733535200606,19.5,19.5,22.25,21.25,364
45.19303557910674,19.0,19.0,22.0,20.75,155
45.268735806207424,18.5,18.75,21.25,20.0,268
45.3444360333081,17.5,18.75,20.5,20.0,387
45.42013626040878,17.75,19.25,21.25,21.5,178
45.495836487509465,19.0,19.75,22.0,20.75,504
45.57153671461015,18.5,18.75,20.75,19.75,431
45.64723694171083,17.5,17.75,20.5,19.75,284
45.722937168811505,17.25,17.75,20.75,19.5,185
45.79863739591219,17.25,17.5,20.25,19.75,261
45.87433762301287,17.25,18.0,20.5,20.0,333
45.95003785011355,17.75,17.75,20.5,19.5,217
46.025738077214235,17.25,17.75,20.75,19.75,90
46.10143830431492,17.25,17.75,20.75,20.0,339
46.17713853141559,17.5,17.75,20.75,20.0,165
46.252838758516276,17.5,17.75,19.75,18.75,299
46.32853898561696,16.5,18.0,20.0,19.75,255
46.40423921271764,17.25,17.75,20.25,20.0,270
46.479939439818324,17.5,19.25,20.75,21.25,414
46.555639666919,19.0,19.0,21.25,20.25,233
46.63133989401968,18.0,18.0,20.0,19.25,338
46.707040121120365,16.75,17.25,20.0,19.5,294
46.78274034822105,17.0,17.25,20.25,19.25,129
46.85844057532173,16.75,16.75,19.25,18.5,328
46.93414080242241,16.25,16.25,18.75,18.25,462
47.00984102952309,16.0,16.25,19.5,18.5,141
47.08554125662377,16.25,17.25,19.75,19.5,157
47.16124148372445,17.0,17.0,18.75,17.5,356
47.236941710825135,15.25,15.75,18.75,17.75,188
47.31264193792582,15.5,16.25,18.0,18.25,600
47.3883421650265,15.75,16.0,18.25,17.25,355
47.464042392127176,15.0,16.5,18.5,18.0,656
47.53974261922786,15.5,16.0,19.0,18.0,321
47.61544284632854,16.0,16.75,19.5,18.75,184
47.691143073429224,16.5,16.75,19.5,18.75,196
47.76684330052991,16.25,16.5,18.0,17.5,391
47.84254352763058,15.25,15.25,18.25,17.25,158
47.918243754731265,15.0,15.5,18.25,17.25,134
47.99394398183195,14.75,15.0,17.25,16.5,434
48.06964420893263,14.0,14.25,17.0,16.25,234
48.14534443603331,14.0,14.5,17.0,15.75,276
48.221044663133995,13.75,14.5,17.25,16.75,175
48.29674489023467,14.5,15.25,17.75,16.5,322
48.37244511733535,14.25,15.0,17.75,17.0,96
48.448145344436035,15.0,15.0,17.75,17.0,213
48.52384557153672,14.75,14.75,18.0,16.75,282
48.5995457986374,14.5,14.5,17.5,16.5,299
48.675246025738076,14.25,14.5,17.25,16.0,381
48.75094625283876,13.75,13.75,15.75,15.0,372
48.82664647993944,12.5,13.75,15.75,15.75,486
48.902346707040124,13.25,13.5,16.5,15.25,362
48.97804693414081,13.25,13.25,15.75,14.5,312
49.05374716124149,12.5,13.25,16.0,15.0,140
49.129447388342165,12.75,13.75,16.25,16.0,176
49.20514761544285,13.75,14.0,16.25,15.25,427
49.28084784254353,13.0,13.75,16.5,15.75,147
49.35654806964421,13.5,14.5,17.0,16.5,272
49.432248296744895,14.0,16.0,17.5,18.0,695
49.50794852384557,15.5,16.25,18.5,18.25,368
49.58364875094625,15.75,16.0,18.75,18.0,178
49.659348978046935,15.75,16.0,18.75,17.75,147
49.73504920514762,15.25,15.5,18.75,17.75,54
49.8107494322483,15.75,16.5,19.25,18.75,184
49.88644965934898,16.25,16.25,18.75,17.5,161
49.96214988644966,15.5,15.75,17.75,16.5,286
50.03785011355034,14.0,14.25,16.0,15.5,669
50.113550340651024,13.25,15.0,16.75,17.0,354
50.18925056775171,15.0,15.0,17.75,16.5,170
50.26495079485239,14.25,19.5,17.75,21.0,1330
50.34065102195307,18.75,19.75,20.75,21.75,1495
50.41635124905375,19.25,19.75,18.75,18.0,1605
50.49205147615443,16.0,17.0,18.25,17.5,666
50.56775170325511,15.25,15.75,18.5,18.0,266
50.643451930355795,15.75,16.25,18.75,18.5,526
50.71915215745648,16.0,17.25,18.75,19.5,459
50.79485238455715,17.0,17.0,19.5,18.25,214
50.870552611657835,16.25,16.25,19.0,18.25,192
50.94625283875852,16.0,16.25,17.25,17.75,662
51.0219530658592,15.75,15.75,17.5,17.25,440
51.09765329295988,15.0,15.25,16.75,16.25,637
51.173353520060566,14.0,14.25,17.0,15.75,477
51.24905374716124,13.5,13.5,16.0,15.5,285
51.324753974261924,13.5,13.5,16.5,15.5,203
51.40045420136261,13.0,14.0,16.5,16.0,373
51.47615442846329,14.0,14.25,16.5,15.75,302
51.55185465556397,13.25,13.25,16.5,15.5,270
51.62755488266465,13.25,13.25,15.25,14.75,409
51.70325510976533,12.25,14.5,15.75,16.5,517
51.77895533686601,14.0,14.0,16.75,15.75,184
51.854655563966695,13.75,14.0,16.0,14.75,465
51.93035579106738,12.5,13.25,15.25,15.25,374
52.00605601816806,13.0,13.25,16.0,14.75,291
52.081756245268735,12.5,13.25,16.0,15.25,108
52.15745647236942,13.0,13.25,16.25,15.25,137
52.2331566994701,12.75,14.0,16.0,16.0,192
52.30885692657078,14.0,14.75,16.0,15.0,384
52.384557153671466,13.0,14.0,16.5,16.25,166
52.46025738077214,14.25,15.75,17.25,17.5,605
52.535957607872824,15.0,15.25,16.75,15.75,334
52.61165783497351,13.75,14.75,17.0,16.25,214
52.68735806207419,13.75,13.75,15.25,14.75,396
52.76305828917487,12.5,12.75,15.5,14.75,195
52.838758516275554,12.25,12.5,14.75,14.5,587
52.91445874337623,12.5,12.75,15.25,14.5,242
52.99015897047691,12.25,13.0,15.75,15.25,209
53.065859197577595,13.0,13.0,15.0,13.75,171
53.14155942467828,11.75,11.75,14.0,13.5,563
53.21725965177896,11.25,12.0,14.75,13.75,187
53.29295987887964,11.25,12.25,14.5,14.25,292
53.36866010598032,12.0,12.0,14.0,13.0,406
53.444360333081,10.75,11.0,13.25,12.5,884
53.52006056018168,10.0,10.75,12.5,11.75,861
53.595760787282366,9.75,10.5,13.25,12.75,231
53.67146101438305,10.5,11.0,13.75,13.0,177
53.747161241483724,10.75,10.75,13.75,12.75,100
53.82286146858441,10.5,11.5,14.0,13.5,147
53.89856169568509,11.5,12.0,12.0,13.5,1499
53.97426192278577,11.25,11.75,14.5,13.25,306
54.049962149886454,10.75,12.0,13.5,14.0,404
54.12566237698714,11.75,12.5,15.25,14.5,227
54.20136260408781,12.0,12.5,14.75,14.0,253
54.277062831188495,11.75,12.25,15.25,14.5,248
54.35276305828918,12.0,12.0,14.25,13.0,275
54.42846328538986,11.0,11.25,13.25,12.0,340
54.50416351249054,9.75,11.25,12.75,13.25,464
54.57986373959122,11.0,11.75,14.25,13.75,476
54.6555639666919,11.5,12.5,14.0,13.5,548
54.73126419379258,11.25,11.25,13.0,12.0,323
54.806964420893266,9.5,10.25,13.0,12.25,243
54.88266464799395,10.0,11.0,13.5,12.5,333
54.95836487509463,10.25,10.5,12.5,11.5,316
55.03406510219531,9.25,9.75,12.5,11.5,341
55.10976532929599,9.0,9.75,12.5,11.5,281
55.18546555639667,9.25,10.25,12.75,12.5,228
55.261165783497354,10.5,10.75,13.25,13.0,376
55.33686601059804,10.75,12.0,14.0,12.75,582
55.41256623769871,10.75,11.5,14.0,13.5,346
55.488266464799395,11.25,11.25,13.25,12.75,313
55.56396669190008,10.25,11.0,13.5,12.25,327
55.63966691900076,9.75,10.5,13.25,12.25,215
55.71536714610144,9.75,10.0,12.5,11.5,649
55.791067373202125,9.25,10.25,12.5,12.5,626
55.8667676003028,10.0,11.75,13.25,13.5,467
55.94246782740348,11.25,11.75,14.75,13.75,264
56.018168054504166,11.75,13.0,15.0,14.25,529
56.09386828160485,12.0,12.5,15.5,14.5,241
56.16956850870553,12.0,12.75,15.5,14.25,220
56.24526873580621,12.25,15.25,15.5,16.75,1016
56.32096896290689,14.5,16.75,18.0,18.5,1902
56.39666919000757,16.25,16.75,19.0,18.0,602
56.472369417108254,15.5,16.75,18.25,17.5,879
56.54806964420894,15.0,15.0,17.5,17.0,524
56.62376987130962,14.75,15.75,17.75,17.5,788
56.699470098410295,15.25,15.5,17.75,17.0,418
56.77517032551098,14.75,15.5,18.25,17.5,407
56.85087055261166,15.5,16.75,18.75,18.5,752
56.92657077971234,16.0,16.25,18.5,17.75,632
57.002271006813025,15.75,17.0,19.25,18.25,817
57.07797123391371,16.0,16.5,19.25,18.5,447
57.15367146101438,16.25,16.5,19.25,18.5,326
57.229371688115066,16.25,17.0,19.75,18.75,567
57.30507191521575,16.25,17.5,19.75,19.5,277
57.38077214231643,17.25,17.25,19.5,18.25,401
57.456472369417114,15.75,17.0,19.25,19.25,186
57.53217259651779,17.0,17.25,20.0,19.0,205
57.60787282361847,16.75,18.0,19.75,18.5,628
57.683573050719154,16.25,16.75,19.5,18.75,257
57.75927327781984,16.25,16.25,18.0,16.75,874
57.83497350492052,14.75,15.25,18.25,17.0,453
57.9106737320212,14.75,15.0,18.0,17.25,173
57.98637395912188,15.25,15.25,18.5,17.25,311
58.06207418622256,15.25,15.25,14.75,15.5,3488
58.13777441332324,13.25,14.0,15.75,15.0,889
58.213474640423925,12.75,13.75,14.75,16.0,995
58.28917486752461,13.75,16.25,16.5,16.75,1974
58.36487509462528,14.5,15.25,18.0,17.5,519
58.440575321725966,15.0,18.0,18.25,19.75,898
58.51627554882665,17.75,17.75,20.5,19.5,313
58.59197577592733,17.25,17.75,20.0,19.0,289
58.667676003028014,16.75,17.0,18.5,18.0,629
58.743376230128696,15.5,16.0,18.5,17.5,809
58.81907645722937,15.25,15.5,17.75,16.75,435
58.894776684330054,14.5,15.25,17.5,16.25,265
58.97047691143074,14.0,14.5,17.5,16.5,214
59.04617713853142,14.0,14.5,17.5,16.25,103
59.1218773656321,14.0,14.5,17.0,16.25,354
59.19757759273278,14.0,14.75,17.25,17.0,286
59.27327781983346,14.75,15.5,18.25,17.25,257
59.34897804693414,15.25,15.25,18.0,17.25,165
59.424678274034825,15.0,17.75,18.5,18.5,2117
59.50037850113551,16.0,16.5,19.0,18.0,283
59.57607872823619,15.75,15.75,18.5,18.0,193
59.651778955336866,15.75,16.0,18.5,17.75,326
59.72747918243755,15.75,15.75,18.25,17.25,397
59.80317940953823,15.0,16.0,18.5,17.75,408
59.878879636638914,15.75,17.25,19.25,19.25,396
59.954579863739596,17.0,17.0,19.5,18.25,155
60.03028009084028,16.25,17.25,19.5,19.25,543
60.105980317940954,17.0,17.25,19.75,18.5,297
60.18168054504164,16.5,16.75,19.75,18.5,153
60.25738077214232,16.5,17.5,19.75,19.25,402
60.333080999243,17.0,17.0,19.75,18.5,171
60.408781226343685,16.25,16.25,18.25,17.0,486
60.48448145344436,15.0,15.5,18.25,17.5,268
60.56018168054504,15.25,16.0,18.75,18.25,136
60.635881907645725,16.0,17.5,19.25,19.75,460
60.71158213474641,17.25,17.5,19.75,19.75,271
60.78728236184709,17.5,17.5,20.25,19.0,368
60.86298258894777,16.75,17.25,20.25,19.0,977
60.93868281604845,16.75,18.0,19.75,19.0,1457
61.01438304314913,16.5,18.25,19.0,20.25,1100
61.09008327024981,18.25,18.25,21.25,20.5,636
61.165783497350496,18.25,18.25,20.75,19.75,569
61.24148372445118,17.75,18.5,21.25,20.75,536
61.317183951551854,18.75,19.5,22.0,21.25,1117
61.39288417865254,19.0,19.25,22.0,21.25,542
61.46858440575322,19.0,19.0,21.75,21.25,374
61.5442846328539,19.0,19.5,21.75,20.75,408
61.619984859954585,18.5,18.75,20.25,19.5,922
61.69568508705527,17.25,17.75,20.5,20.0,339
61.77138531415594,17.5,17.5,20.5,19.25,261
61.847085541256625,17.0,17.25,19.5,18.75,493
61.92278576835731,16.25,16.75,19.5,18.5,408
61.99848599545799,16.5,18.75,19.5,20.5,1305
62.07418622255867,18.5,18.5,21.0,20.5,907
62.14988644965935,18.25,18.5,20.75,20.5,935
62.22558667676003,18.25,19.75,21.75,21.25,989
62.30128690386071,18.75,19.0,21.25,20.25,337
62.376987130961396,18.0,24.0,21.25,25.25,5614
62.45268735806208,22.75,23.0,23.75,23.25,1372
62.52838758516276,20.75,23.0,24.25,24.75,1637
62.60408781226344,22.25,23.25,25.75,25.0,1002
62.67978803936412,22.5,23.25,25.25,24.75,936
62.7554882664648,22.25,23.5,25.5,25.25,1033
62.831188493565485,23.25,24.0,26.25,26.0,737
62.90688872066617,23.75,26.25,26.75,28.0,3503
62.98258894776684,25.75,25.75,27.5,27.0,1325
63.058289174867525,24.75,25.5,27.5,26.75,704
63.13398940196821,24.25,26.25,27.75,28.25,1209
63.20968962906889,26.0,26.25,28.75,28.0,776
63.28538985616957,25.75,26.0,29.0,28.0,488
63.361090083270255,25.75,25.75,28.0,27.0,735
63.43679031037093,24.5,24.75,26.75,26.5,1319
63.51249053747161,24.0,24.75,27.25,26.75,442
63.588190764572296,24.25,24.5,27.5,26.75,313
63.66389099167298,24.25,24.5,27.25,26.75,640
63.73959121877366,24.25,24.5,27.5,26.75,448
63.815291445874344,24.5,26.5,27.5,27.5,1022
63.89099167297502,25.0,25.5,27.25,26.25,770
63.9666919000757,24.25,25.0,27.75,26.5,452
64.04239212717638,24.25,25.25,27.75,27.25,376
64.11809235427707,24.75,26.0,28.25,28.0,709
64.19379258137775,26.0,27.25,29.25,28.75,1639
64.26949280847843,26.5,26.75,29.25,28.5,439
64.34519303557911,26.25,26.75,29.75,28.5,179
64.4208932626798,26.25,26.5,29.75,28.75,474
64.49659348978047,26.5,26.5,28.75,27.5,638
64.57229371688115,25.5,26.0,27.75,26.75,844
64.64799394398183,24.5,24.75,27.0,26.0,994
64.72369417108251,23.75,24.25,26.25,25.5,897
64.7993943981832,23.5,24.5,26.75,26.5,782
64.87509462528388,24.25,24.5,27.25,26.0,376
64.95079485238456,23.75,24.25,26.75,26.0,265
65.02649507948524,23.75,24.0,26.75,26.25,279
65.10219530658593,24.0,24.5,27.25,26.5,333
65.17789553368661,24.0,24.25,26.75,25.5,412
65.25359576078729,23.25,24.0,26.75,25.75,154
65.32929598788796,23.5,24.25,27.0,26.5,165
65.40499621498864,24.0,24.5,27.25,26.5,298
65.48069644208933,24.25,24.75,27.5,26.75,382
65.55639666919001,24.25,25.0,26.75,25.75,405
65.63209689629069,23.5,23.5,26.25,25.25,639
65.70779712339137,23.0,23.25,26.25,25.0,301
65.78349735049206,23.0,23.25,26.25,25.25,209
65.85919757759274,23.25,24.0,26.5,25.5,544
65.93489780469342,23.25,23.25,25.5,24.75,1054
66.0105980317941,22.5,22.5,25.0,24.25,1099
66.08629825889479,22.0,22.25,25.25,24.25,387
66.16199848599545,21.75,22.0,24.5,23.25,714
66.23769871309614,21.25,21.75,24.25,23.75,905
66.31339894019682,21.5,21.75,24.0,23.0,571
66.3890991672975,20.75,21.75,24.0,24.0,644
66.46479939439818,21.75,22.25,24.5,23.5,556
66.54049962149887,21.25,21.25,23.5,22.25,720
66.61619984859955,20.0,20.25,23.0,22.25,1418
66.69190007570023,20.0,20.25,23.0,22.5,1047
66.76760030280091,20.25,20.25,23.0,22.0,493
66.8433005299016,20.0,20.25,23.25,22.5,485
66.91900075700228,20.25,20.25,23.25,22.0,504
66.99470098410295,19.75,20.0,23.0,22.0,393
67.07040121120363,20.0,21.5,23.25,23.5,660
67.14610143830431,21.0,21.0,22.75,21.75,1059
67.221801665405,19.25,19.75,22.5,21.5,1441
67.29750189250568,19.25,20.0,22.5,22.25,462
67.37320211960636,20.25,20.25,22.5,21.25,1201
67.44890234670704,19.0,19.75,22.5,21.75,339
67.52460257380773,19.5,20.25,23.0,22.5,753
67.60030280090841,20.25,22.0,23.75,23.25,1175
67.67600302800909,21.0,21.0,23.25,22.75,678
67.75170325510977,20.5,20.75,22.75,22.0,708
67.82740348221046,19.75,20.5,23.25,22.5,298
67.90310370931113,20.25,20.5,23.0,21.75,396
67.97880393641181,19.5,19.5,22.0,21.5,906
68.05450416351249,19.25,19.75,22.5,21.25,343
68.13020439061317,19.25,20.0,22.5,21.5,495
68.20590461771386,19.5,19.5,22.0,21.25,581
68.28160484481454,19.0,19.5,22.5,21.5,333
68.35730507191522,19.25,20.0,22.75,21.75,531
68.4330052990159,19.75,20.0,22.5,22.25,604
68.50870552611659,20.0,20.5,23.25,22.5,380
68.58440575321727,20.5,21.25,24.0,23.25,732
68.66010598031795,21.0,21.75,24.25,24.0,397
68.73580620741862,21.5,21.75,24.75,23.5,588
68.8115064345193,21.25,21.5,24.25,23.25,896
68.88720666161998,21.25,21.75,24.75,24.0,330
68.96290688872067,21.75,21.75,24.75,23.5,367
69.03860711582135,21.25,21.5,24.75,23.5,355
69.11430734292203,21.25,21.25,22.0,21.5,1855
69.19000757002271,19.25,19.5,22.25,21.75,734
69.2657077971234,19.5,20.25,23.0,22.25,547
69.34140802422408,20.25,20.25,23.25,22.0,317
69.41710825132476,19.75,20.75,23.0,22.5,796
69.49280847842545,20.25,20.75,23.5,22.75,336
69.56850870552611,20.75,21.25,24.25,23.5,607
69.6442089326268,21.0,21.0,24.0,23.25,380
69.71990915972748,21.0,21.0,24.0,23.25,432
69.79560938682816,21.0,21.0,23.5,22.75,779
69.87130961392884,20.5,20.5,22.5,21.75,782
69.94700984102953,19.5,19.75,22.5,21.75,665
70.02271006813021,19.5,19.75,22.25,21.25,916
70.09841029523089,19.0,19.0,21.25,20.25,1172
70.17411052233157,18.0,18.25,21.0,20.25,689
70.24981074943226,17.75,18.5,21.25,20.75,1064
70.32551097653294,18.25,19.25,21.0,21.0,2409
70.40121120363361,18.5,19.0,21.5,20.75,2861
70.47691143073429,18.5,19.75,21.0,20.5,17224
70.55261165783497,18.5,22.25,21.75,24.0,8842
70.62831188493566,22.0,22.5,24.0,23.25,10456
70.70401211203634,20.75,23.25,23.25,24.25,11442
70.77971233913702,21.75,22.0,22.5,21.75,7109
70.8554125662377,19.5,21.5,23.0,22.25,7237
70.93111279333839,20.0,20.5,20.0,19.75,9604
71.00681302043907,17.25,18.75,20.5,20.0,5608
71.08251324753975,18.0,18.75,19.5,18.75,5472
71.15821347464043,16.5,17.25,19.5,19.0,3686
71.2339137017411,16.5,18.0,18.0,17.25,5050
71.30961392884178,14.75,15.75,17.75,16.75,6086
71.38531415594247,14.25,15.0,16.0,17.0,9200
71.46101438304315,14.75,15.0,17.5,17.0,4605
71.53671461014383,14.75,17.75,18.0,19.25,7248
71.61241483724451,17.25,19.0,20.25,20.75,5002
71.6881150643452,18.5,19.25,20.25,19.75,9531
71.76381529144588,17.75,18.25,20.25,20.0,3675
71.83951551854656,17.75,19.75,21.0,21.0,4218
71.91521574564725,18.75,19.5,20.25,19.5,4797
71.99091597274793,17.25,17.75,18.0,17.25,6392
72.0666161998486,15.0,15.0,14.75,14.75,9822
72.14231642694928,12.5,16.25,15.5,18.25,6672
72.21801665404996,15.75,16.5,18.75,18.5,3457
72.29371688115064,16.0,17.0,18.75,18.5,4127
72.36941710825133,16.0,17.25,19.25,19.0,2907
72.44511733535201,16.75,17.0,19.0,19.0,3925
72.52081756245269,16.75,19.5,20.0,21.75,7434
72.59651778955337,19.25,19.5,21.0,20.75,2583
72.67221801665406,18.25,21.25,21.5,23.25,3194
72.74791824375474,21.0,24.0,24.0,25.25,8695
72.82361847085542,23.0,23.25,24.0,23.75,7677
72.89931869795609,21.5,24.5,25.0,26.5,6885
72.97501892505677,24.25,25.75,27.5,26.75,10093
73.05071915215746,24.25,25.25,27.25,26.5,4314
73.12641937925814,24.5,25.25,27.75,27.25,3741
73.20211960635882,25.0,25.25,25.75,25.25,6203
73.2778198334595,23.0,24.0,24.75,25.0,4801
73.35352006056019,22.75,23.25,24.5,24.25,7370
73.42922028766087,22.0,22.0,22.75,22.75,6186
73.50492051476155,20.5,21.75,23.0,23.5,3412
73.58062074186223,21.0,21.5,21.25,20.75,5401
73.65632096896292,18.25,19.5,20.0,19.5,5395
73.73202119606358,17.25,19.75,20.0,21.75,3955
73.80772142316427,19.5,20.0,21.5,20.75,3981
73.88342165026495,18.5,21.5,22.0,22.0,4263
73.95912187736563,19.75,21.25,22.5,23.0,2798
74.03482210446631,20.75,23.5,24.0,24.75,5676
74.110522331567,22.75,22.75,25.0,23.75,2918
74.18622255866768,21.5,24.0,24.5,26.0,2998
74.26192278576836,24.0,24.0,23.25,22.5,4681
74.33762301286905,20.25,23.5,23.5,25.0,3242
74.41332323996973,22.75,24.75,25.5,26.25,3934
74.48902346707041,23.75,24.25,25.75,24.75,2068
74.5647236941711,22.5,24.75,25.75,26.75,3276
74.64042392127176,24.5,26.25,27.75,27.5,4972
74.71612414837244,25.25,26.5,28.5,28.0,3601
74.79182437547313,25.75,26.0,28.0,27.25,3279
74.86752460257381,25.0,26.0,28.25,27.5,2024
74.94322482967449,25.25,25.75,28.0,27.25,2282
75.01892505677517,24.75,25.25,24.5,25.5,7443
75.09462528387586,23.0,24.75,26.25,26.25,4202
75.17032551097654,24.25,26.0,27.75,27.5,3877
75.24602573807722,25.5,25.5,27.75,27.25,4195
75.3217259651779,25.0,25.25,27.0,26.0,3079
75.39742619227859,24.0,24.75,27.0,26.75,4096
75.47312641937926,24.25,24.75,27.0,26.5,3210
75.54882664647994,24.0,24.25,24.5,23.75,5327
75.62452687358062,21.5,22.75,24.75,24.75,2938
75.7002271006813,22.75,23.25,25.0,24.25,2329
75.77592732778199,21.75,22.75,24.0,23.75,2818
75.85162755488267,21.5,23.0,24.75,24.5,2278
75.92732778198335,22.25,23.75,25.0,23.75,2254
76.00302800908403,21.5,21.75,23.0,22.0,2713
76.07872823618472,19.75,21.25,23.0,22.25,2627
76.1544284632854,20.0,20.25,22.0,21.25,4206
76.23012869038608,19.0,19.75,20.0,19.25,5993
76.30582891748675,17.25,19.0,20.5,21.0,2507
76.38152914458743,19.0,19.5,21.75,21.0,2202
76.45722937168811,18.75,20.25,22.0,21.75,1880
76.5329295987888,19.25,20.0,21.5,20.5,2381
76.60862982588948,18.25,20.25,21.75,21.5,3022
76.68433005299016,19.25,20.25,22.5,22.5,1572
76.76003028009085,20.0,21.0,23.25,22.5,2167
76.83573050719153,20.5,21.75,23.75,23.0,2163
76.91143073429221,20.75,21.75,24.0,23.75,1846
76.9871309613929,21.5,22.25,23.5,22.5,2206
77.06283118849358,20.25,21.25,23.25,22.75,1771
77.13853141559424,20.5,21.25,22.5,22.25,2109
77.21423164269493,20.0,22.25,23.0,24.25,2468
77.28993186979561,21.75,22.0,22.5,22.25,3039
77.36563209689629,20.0,20.75,22.5,21.5,2208
77.44133232399697,19.0,21.0,22.5,23.0,2920
77.51703255109766,20.5,23.25,24.0,25.0,2219
77.59273277819834,22.75,23.5,25.5,25.25,2097
77.66843300529902,23.0,24.25,26.25,26.5,1844
77.7441332323997,24.0,24.25,27.0,26.0,1760
77.81983345950039,24.0,25.0,27.5,26.75,2414
77.89553368660107,24.5,24.75,27.75,26.5,1979
77.97123391370174,24.25,25.25,27.25,27.25,2562
78.04693414080242,25.25,26.5,28.5,28.25,2434
78.1226343679031,26.0,29.25,29.5,30.0,9365
78.19833459500379,27.75,29.25,31.0,31.5,3984
78.27403482210447,29.0,29.75,32.25,31.25,4075
78.34973504920515,29.0,29.75,32.25,31.25,2754
78.42543527630583,29.25,29.25,30.75,29.75,4244
78.50113550340652,27.5,29.25,31.0,31.0,2276
78.5768357305072,28.75,30.0,32.0,31.25,2635
78.65253595760788,29.0,29.5,31.75,31.0,1517
78.72823618470856,28.5,30.75,32.0,33.0,4883
78.80393641180923,30.75,30.75,33.5,32.5,2757
78.87963663890991,30.25,30.75,33.0,32.0,2574
78.9553368660106,29.75,30.75,33.0,32.5,1906
79.03103709311128,30.0,30.75,33.25,32.25,2655
79.10673732021196,30.0,30.25,32.75,32.25,2067
79.18243754731265,30.0,31.5,33.25,32.5,3618
79.25813777441333,30.5,30.5,31.75,31.0,4354
79.33383800151401,28.5,28.75,30.5,29.5,4417
79.4095382286147,27.25,28.25,30.75,29.75,3317
79.48523845571538,27.5,28.25,30.75,30.25,3284
79.56093868281606,28.0,29.75,31.5,31.0,2789
79.63663890991673,28.75,29.75,32.25,31.5,1867
79.71233913701741,29.25,31.0,32.5,33.0,2655
79.78803936411809,30.75,30.75,33.0,32.5,1856
79.86373959121877,30.25,30.25,31.75,31.25,2922
79.93943981831946,29.25,29.25,31.75,31.0,1988
80.01514004542014,28.5,28.75,31.5,30.25,1454
80.09084027252082,28.0,29.25,31.5,31.0,1238
80.1665404996215,28.75,29.5,32.0,31.0,1469
80.24224072672219,28.75,29.25,31.25,30.5,1355
80.31794095382287,28.25,28.25,30.5,30.0,2279
80.39364118092355,27.75,27.75,30.25,29.5,1959
80.46934140802422,27.5,28.25,30.5,30.0,1458
80.5450416351249,27.75,28.75,31.25,30.75,1734
80.62074186222559,28.25,29.25,31.75,30.5,2367
80.69644208932627,28.5,28.5,31.25,30.5,1856
80.77214231642695,28.25,29.5,31.25,31.0,1487
80.84784254352763,28.75,30.25,32.0,32.25,2112
80.92354277062832,30.25,30.25,32.5,31.5,1303
80.999242997729,29.25,30.25,32.5,32.25,1211
81.07494322482968,30.0,30.25,33.0,32.0,2133
81.15064345193036,29.75,31.0,32.5,32.75,2021
81.22634367903105,30.5,30.75,33.0,32.0,1483
81.30204390613173,30.0,31.25,33.25,33.0,2114
81.3777441332324,30.75,30.75,33.5,32.5,1477
81.45344436033308,30.5,30.5,32.0,30.75,2192
81.52914458743376,28.75,29.0,30.0,29.0,4993
81.60484481453445,26.5,27.25,29.25,28.75,2728
81.68054504163513,26.5,27.25,29.75,29.0,1623
81.75624526873581,27.0,28.0,30.25,30.25,1842
81.8319454958365,28.0,29.0,30.75,30.5,2476
81.90764572293718,28.25,29.0,31.25,30.5,2100
81.98334595003786,28.25,28.75,31.0,30.5,1621
82.05904617713854,28.0,28.25,28.75,28.5,4159
82.13474640423922,26.25,26.5,28.0,27.5,2677
82.21044663133989,25.0,25.25,27.25,26.5,4863
82.28614685844057,24.25,25.0,27.75,27.0,1560
82.36184708554126,24.75,25.25,27.75,26.75,1284
82.43754731264194,24.5,25.25,28.0,26.75,903
82.51324753974262,24.75,25.0,27.25,26.25,1326
82.5889477668433,24.0,24.75,27.0,27.0,1265
82.66464799394399,24.75,25.0,27.75,26.75,981
82.74034822104467,24.75,25.75,28.25,27.0,1313
82.81604844814535,24.75,25.25,27.0,26.25,1778
82.89174867524603,24.0,25.75,27.5,27.5,2130
82.96744890234672,25.25,25.75,28.0,28.0,1320
83.04314912944739,25.75,26.5,29.0,28.25,1729
83.11884935654807,25.75,25.75,28.25,27.25,732
83.19454958364875,25.0,25.25,27.25,26.25,834
83.27024981074943,23.75,25.5,26.75,27.25,2060
83.34595003785012,24.75,25.75,28.25,27.75,582
83.4216502649508,25.5,26.0,28.75,27.75,1029
83.49735049205148,25.5,25.75,28.0,27.5,804
83.57305071915216,25.25,25.5,27.25,26.25,1527
83.64875094625285,24.0,24.25,26.0,25.75,2333
83.72445117335353,23.75,24.25,27.0,26.5,1006
83.80015140045421,24.25,24.5,26.75,25.75,1118
83.87585162755488,23.75,24.75,27.0,26.75,879
83.95155185465556,24.5,24.75,27.25,27.0,855
84.02725208175625,24.5,25.25,27.75,27.0,981
84.10295230885693,24.75,25.0,27.75,26.75,751
84.17865253595761,24.5,24.75,27.5,26.5,904
84.2543527630583,24.5,24.75,27.0,26.25,1429
84.33005299015898,24.0,24.25,26.75,26.0,1463
84.40575321725966,23.5,24.25,26.25,26.5,1182
84.48145344436034,24.0,24.75,27.0,26.0,966
84.55715367146102,23.75,24.0,26.5,26.0,1141
84.6328538985617,23.75,25.0,26.75,27.0,1408
84.70855412566237,24.5,24.5,27.5,26.5,670
84.78425435276306,24.25,25.25,27.5,27.25,1256
84.85995457986374,25.0,25.75,28.5,27.75,1118
84.93565480696442,25.5,27.25,28.75,29.5,1757
85.0113550340651,27.25,27.75,30.5,29.75,1384
85.08705526116579,27.25,27.25,29.25,29.0,1326
85.16275548826647,26.75,26.75,29.5,29.0,1621
85.23845571536715,26.75,26.75,29.5,28.25,902
85.31415594246783,26.0,27.0,29.25,29.0,898
85.38985616956852,26.5,27.5,30.0,29.75,1171
85.4655563966692,27.5,27.75,30.25,29.25,537
85.54125662376987,27.0,27.5,30.25,29.25,597
85.61695685087055,27.0,27.5,30.5,29.25,828
85.69265707797123,27.0,27.25,30.0,29.25,1120
85.76835730507192,27.25,27.5,30.25,29.25,1181
85.8440575321726,27.25,27.75,30.5,29.5,708
85.91975775927328,27.25,28.25,30.5,30.0,1058
85.99545798637396,27.75,28.5,31.0,30.25,1101
86.07115821347465,28.0,28.25,31.0,30.25,753
86.14685844057533,27.75,28.0,31.25,30.25,556
86.22255866767601,28.0,28.25,30.75,29.75,1227
86.2982588947767,27.5,28.5,31.0,30.75,724
86.37395912187736,28.5,29.0,31.5,30.25,794
86.44965934897805,28.0,28.25,31.0,29.75,580
86.52535957607873,27.5,28.0,31.0,29.75,549
86.60105980317941,27.75,28.25,31.0,30.25,856
86.6767600302801,28.0,28.75,31.25,30.75,835
86.75246025738078,28.25,28.75,31.75,31.0,915
86.82816048448146,28.5,29.25,32.0,31.25,876
86.90386071158214,29.0,29.25,32.0,31.25,545
86.97956093868282,29.0,29.25,32.0,31.0,986
87.0552611657835,28.75,29.0,30.5,29.75,2147
87.13096139288419,27.5,27.75,30.5,29.25,646
87.20666161998486,27.25,27.75,30.5,30.0,1041
87.28236184708554,27.75,28.0,30.75,30.0,631
87.35806207418622,27.75,28.25,31.25,30.25,460
87.4337623012869,27.75,28.75,31.25,31.0,572
87.50946252838759,28.75,28.75,31.25,30.0,862
87.58516275548827,27.75,28.0,30.0,28.75,1179
87.66086298258895,26.5,27.0,29.75,29.0,743
87.73656320968963,26.5,27.75,30.0,29.75,543
87.81226343679032,27.5,28.25,30.5,29.25,1874
87.887963663891,27.0,27.25,27.75,26.75,4644
87.96366389099168,24.5,24.75,27.0,26.75,1812
88.03936411809237,24.5,24.75,27.5,26.25,1283
88.11506434519303,24.0,24.25,27.0,26.0,1081
88.19076457229372,23.5,24.5,27.0,26.75,1188
88.2664647993944,24.5,24.75,27.25,26.25,1127
88.34216502649508,24.0,24.75,27.5,26.75,812
88.41786525359576,24.5,25.25,27.75,27.25,782
88.49356548069645,24.75,25.0,27.75,27.0,1010
88.56926570779713,25.0,26.0,28.5,27.75,1748
88.64496593489781,25.5,26.25,28.75,28.25,502
88.7206661619985,26.0,26.5,29.25,28.25,851
88.79636638909918,26.0,26.5,29.25,28.25,471
88.87206661619986,25.75,27.0,29.25,29.0,1041
88.94776684330053,27.0,27.0,29.75,28.5,585
89.02346707040121,26.25,26.5,28.5,28.25,2399
89.0991672975019,26.0,26.5,29.0,28.5,1620
89.17486752460258,26.25,26.5,29.25,28.0,895
89.25056775170326,25.75,26.5,29.25,28.25,805
89.32626797880394,26.0,26.5,28.75,28.5,1195
89.40196820590462,26.25,27.75,29.5,29.75,1236
89.4776684330053,27.5,28.0,30.75,29.75,832
89.55336866010599,27.5,28.0,30.0,29.75,1865
89.62906888720667,27.5,28.0,30.75,30.25,924
89.70476911430735,27.75,28.0,30.75,30.25,621
89.78046934140802,28.0,28.25,31.0,30.0,710
89.8561695685087,27.75,27.75,30.0,29.25,1918
89.93186979560939,27.0,27.0,29.0,28.75,1986
90.00757002271007,26.5,26.75,29.5,28.75,633
90.08327024981075,26.25,26.5,29.25,28.5,1170
90.15897047691143,26.5,26.75,29.0,28.0,671
90.23467070401212,26.0,26.25,29.0,28.0,682
90.3103709311128,25.75,26.0,28.5,28.0,1014
90.38607115821348,25.75,26.0,29.0,28.0,508
90.46177138531417,25.75,26.0,29.0,28.0,860
90.53747161241485,25.5,25.5,28.0,27.5,1563
90.61317183951552,25.0,25.25,28.25,27.25,622
90.6888720666162,25.25,25.25,27.75,27.25,1534
90.76457229371688,25.0,26.0,28.25,28.25,862
90.84027252081756,26.0,26.25,28.75,28.0,916
90.91597274791825,26.0,26.0,28.25,27.5,863
90.99167297501893,25.0,25.25,27.5,26.75,1498
91.06737320211961,24.5,24.75,27.5,26.5,701
91.1430734292203,24.25,24.25,26.75,25.75,1409
91.21877365632098,23.5,23.5,26.5,25.75,1002
91.29447388342166,23.25,24.0,26.5,25.5,1054
91.37017411052234,23.5,24.25,26.75,26.0,779
91.44587433762301,24.0,24.5,27.0,26.75,972
91.5215745647237,24.25,24.75,27.5,26.5,985
91.59727479182438,24.25,24.5,27.5,26.25,364
91.67297501892506,24.0,24.5,27.0,26.75,924
91.74867524602574,24.75,25.75,28.25,27.25,1721
91.82437547312642,25.0,25.5,27.75,27.5,1164
91.9000757002271,25.0,25.5,27.75,26.75,1043
91.97577592732779,24.75,24.75,27.75,26.75,419
92.05147615442847,24.5,25.25,27.5,26.25,1263
92.12717638152915,23.75,25.75,27.25,27.5,1250
92.20287660862984,25.25,25.5,27.75,26.5,1066
92.2785768357305,24.5,25.5,27.75,27.75,1157
92.35427706283119,25.5,25.5,28.25,27.5,966
92.42997728993187,25.0,25.5,27.75,26.5,654
92.50567751703255,24.25,25.25,27.75,27.25,495
92.58137774413323,25.0,25.25,27.75,26.75,870
92.65707797123392,24.5,25.25,27.75,27.25,468
92.7327781983346,25.0,26.0,28.5,27.75,579
92.80847842543528,25.25,26.75,28.75,28.25,1220
92.88417865253597,26.0,26.25,29.0,28.0,424
92.95987887963665,25.75,27.0,29.25,28.75,719
93.03557910673733,26.5,26.75,29.25,28.0,1160
93.111279333838,26.0,26.25,29.25,28.0,543
93.18697956093868,26.0,26.75,29.0,28.0,1057
93.26267978803936,25.75,27.0,29.0,28.75,1232
93.33838001514005,26.75,26.75,29.5,28.5,713
93.41408024224073,26.5,27.0,27.75,27.0,3928
93.48978046934141,25.0,26.0,28.5,28.0,2505
93.5654806964421,25.75,25.75,27.25,26.0,1893
93.64118092354278,24.0,24.5,27.0,26.75,2185
93.71688115064346,24.5,24.75,27.5,26.25,1054
93.79258137774414,24.0,25.0,27.25,27.0,1417
93.86828160484482,24.75,25.25,27.75,26.5,1038
93.94398183194551,24.25,24.75,27.0,26.5,1484
94.01968205904618,24.5,24.75,28.0,26.75,1203
94.09538228614686,24.75,26.0,28.0,27.0,2279
94.17108251324754,25.0,25.0,27.75,26.75,667
94.24678274034822,24.75,25.0,28.0,26.75,465
94.3224829674489,24.75,25.0,26.5,25.75,1798
94.39818319454959,23.5,24.75,26.75,26.5,1141
94.47388342165027,24.25,24.5,26.75,25.75,1100
94.54958364875095,23.5,24.0,26.0,25.5,1450
94.62528387585164,23.5,24.0,26.75,26.25,1179
94.70098410295232,23.75,23.75,27.0,26.0,577
94.776684330053,23.75,24.75,27.0,27.0,1330
94.85238455715367,24.5,25.5,28.0,27.25,1340
94.92808478425435,25.0,25.0,27.0,26.5,1163
95.00378501135503,24.25,24.5,27.25,26.25,1157
95.07948523845572,24.0,24.25,27.0,26.0,1787
95.1551854655564,24.0,24.0,26.5,25.5,822
95.23088569265708,23.25,23.25,25.25,24.5,2031
95.30658591975777,22.25,23.25,25.75,25.25,1109
95.38228614685845,23.0,23.25,26.0,24.75,1227
95.45798637395913,22.75,24.75,26.0,26.5,2775
95.53368660105981,24.5,24.75,27.25,26.25,1218
95.6093868281605,24.25,24.25,27.0,26.25,713
95.68508705526116,24.0,24.0,26.25,25.5,1675
95.76078728236185,23.25,24.0,26.25,25.75,1563
95.83648750946253,23.5,25.0,26.5,26.5,1985
95.91218773656321,24.5,24.5,27.25,26.75,1041
95.9878879636639,24.5,26.0,27.75,27.5,2785
96.06358819076458,25.5,25.75,28.5,27.5,1487
96.13928841786526,25.25,27.25,28.5,28.75,3177
96.21498864496594,26.75,27.25,28.75,27.5,2005
96.29068887206662,25.5,25.75,26.75,26.75,4423
96.36638909916731,24.5,24.75,26.75,25.5,1419
96.44208932626799,23.5,24.0,26.25,26.0,1869
96.51778955336866,23.75,24.0,25.5,24.25,1956
96.59348978046934,22.25,23.5,25.5,25.0,1761
96.66919000757002,22.75,23.0,26.0,25.0,542
96.7448902346707,22.75,23.25,26.0,25.5,856
96.82059046177139,23.25,23.5,24.75,24.0,4275
96.89629068887207,21.5,22.0,24.0,23.0,1681
96.97199091597275,20.75,21.25,22.25,22.25,3758
97.04769114307344,19.75,20.0,22.25,21.75,3213
97.12339137017412,19.5,20.5,22.75,22.5,1794
97.1990915972748,20.25,20.25,23.25,22.25,1002
97.27479182437548,19.75,20.25,23.0,22.5,1405
97.35049205147615,20.25,21.75,23.75,23.75,1916
97.42619227857683,21.5,21.5,23.0,22.0,2383
97.50189250567752,20.0,20.5,23.25,22.25,1495
97.5775927327782,20.25,21.0,23.0,22.25,1877
97.65329295987888,20.0,20.25,22.25,21.25,1549
97.72899318697957,19.0,19.25,17.75,17.75,11478
97.80469341408025,15.5,16.0,17.0,17.0,6989
97.88039364118093,14.75,14.75,17.5,16.5,4034
97.95609386828161,14.25,15.75,17.5,17.5,4161
98.0317940953823,15.25,16.25,18.5,18.5,3355
98.10749432248298,16.0,16.25,19.0,18.0,2526
98.18319454958365,16.0,16.25,19.0,18.0,1949
98.25889477668433,15.75,16.25,19.25,18.25,1735
98.33459500378501,16.25,16.5,18.0,17.25,3667
98.4102952308857,15.25,15.75,17.75,17.0,2520
98.48599545798638,14.5,14.5,16.75,15.5,3085
98.56169568508706,13.25,13.75,16.0,15.75,3095
98.63739591218774,13.5,13.5,15.5,15.5,3363
98.71309613928842,13.5,13.5,14.5,13.75,3774
98.78879636638911,11.75,12.5,14.25,13.25,4194
98.86449659348979,11.0,15.0,14.0,16.5,7731
98.94019682059047,14.5,15.0,17.0,16.5,2031
99.01589704769114,14.5,15.25,17.75,17.0,1827
99.09159727479182,14.75,14.75,16.25,16.5,3926
99.1672975018925,14.25,14.75,16.75,16.25,2295
99.24299772899319,14.0,15.0,17.0,15.75,3001
99.31869795609387,13.5,14.0,16.0,15.5,2230
99.39439818319455,13.25,13.5,15.5,14.25,2026
99.47009841029524,12.25,14.0,15.5,16.25,3115
99.54579863739592,13.75,14.5,15.75,15.5,3696
99.6214988644966,13.25,13.25,14.75,14.25,5174
99.69719909159728,12.25,14.25,14.75,15.75,5488
99.77289931869797,13.75,14.0,16.5,15.25,5382
99.84859954579863,13.25,14.25,16.0,16.5,8108
99.92429977289932,14.25,14.5,13.5,13.0,37940
100.0,10.75,11.0,11.5,11.0,23913
